Dendrobium,,,,,,
HP,174,MP,186,Level,2,Location
Exp,39,AP,2,Gil,99,Evil Forest
Steal,Common,Eye Drops,Drop,Always,Nothing,
Uncommon,Tent,Common,Eye Drops,,,
Semi-Rare,Ore,Uncommon,Potion,,,
Rare,Nothing,Rare,Phoenix Down,,,
Type,Aerial,Card,,,,
Drop,Fang,,,,,
Eat,Taste bad!,,,,,
Elemental,,,,,,
Weaknesses,Wind,,,,,
Elemental,,,,,,
Resistances,Earth (Nullifies),,,,,
Status,,,,,,
Vulnerabilities,"Darkness, KO, Doom, Freeze, Heat, Mini, Petrify, Poison, Silence, Sleep, Slow, Stop, Trouble, Venom",,,,,
Fang [A],,,,,,
HP,68,MP,170,Level,1,Location
Exp,23,AP,1,Gil,90,Evil Forest
Steal,Common,Potion,Drop,Always,Nothing,
Uncommon,Phoenix Down,Common,Eye Drops,,,
Semi-Rare,Hi-Potion,Uncommon,Phoenix Down,,,
Rare,Phoenix Pinion,Rare,Nothing,,,
Type,Beast,Card,,,,
Drop,Fang,,,,,
Eat,Taste bad!,,,,,
Elemental,,,,,,
Weaknesses,Fire,,,,,
Elemental,,,,,,
Resistances,None,,,,,
Status,,,,,,
Vulnerabilities,"Berserk, Confuse, Darkness, KO, Doom, Freeze, Heat, Mini, Petrify, Poison, Silence, Sleep, Slow, Stop, Trouble, Venom",,,,,
Goblin,,,,,,
HP,33,MP,172,Level,5,Location
Exp,23,AP,1,Gil,88,Evil Forest
Steal,Common,Potion,Drop,Always,Nothing,
Uncommon,Nothing,Common,Potion,,,
Semi-Rare,Nothing,Uncommon,Echo Screen,,,
Rare,Nothing,Rare,Phoenix Down,,,
Type,None,Card,,,,
Drop,Goblin,,,,,
Eat,Goblin Punch,,,,,
Elemental,,,,,,
Weaknesses,Fire,,,,,
Elemental,,,,,,
Resistances,None,,,,,
Status,,,,,,
Vulnerabilities,None,,,,,
Plant Spider,,,,,,
HP,33,MP,173,Level,1,Location
Exp,22,AP,1,Gil,91,Evil Forest
Steal,Common,Potion,Drop,Always,Nothing,
Uncommon,Ore,Common,Potion,,,
Semi-Rare,Hi-Potion,Uncommon,Eye Drops,,,
Rare,Nothing,Rare,Potion,,,
Type,Bug,Card,,,,
Drop,Fang,,,,,
Eat,Taste bad!,,,,,
Elemental,,,,,,
Weaknesses,Fire,,,,,
Elemental,,,,,,
Resistances,None,,,,,
Status,,,,,,
Vulnerabilities,None,,,,,
Mu [A],,,,,,
HP,77,MP,183,Level,2,Location
Exp,34,AP,1,Gil,104,Gunitas Basin
Steal,Common,Nothing,Drop,Always,Nothing,
Uncommon,Potion,Common,Potion,,,
Semi-Rare,Nothing,Uncommon,Echo Screen,,,
Rare,Nothing,Rare,Phoenix Down,,,
Type,None,Card,,,,
Drop,Skeleton,,,,,
Eat,Limit Glove,,,,,
Elemental,,,,,,
Weaknesses,None,,,,,
Elemental,,,,,,
Resistances,None,,,,,
Status,,,,,,
Vulnerabilities,"Berserk, Confuse, Darkness, KO, Doom, Freeze, Heat, Mini, Petrify, Poison, Silence, Sleep, Slow, Stop, Trouble, Venom",,,,,
Python,,,,,,
HP,75,MP,184,Level,2,Location
Exp,40,AP,1,Gil,106,Gunitas Basin
Steal,Common,Potion,Drop,Always,Nothing,
Uncommon,Ore,Common,Nothing,,,
Semi-Rare,Hi-Potion,Uncommon,Phoenix Down,,,
Rare,Phoenix Pinion,Rare,Nothing,,,
Type,None,Card,,,,
Drop,Goblin,,,,,
Eat,Pumpkin Head,,,,,
Elemental,,,,,,
Weaknesses,Ice,,,,,
Elemental,,,,,,
Resistances,None,,,,,
Status,,,,,,
Vulnerabilities,"Darkness, KO, Doom, Freeze, Heat, Mini, Petrify, Poison, Silence, Sleep, Slow, Stop, Trouble, Venom",,,,,
Cave Imp,,,,,,
HP,74,MP,186,Level,2,Location
Exp,35,AP,1,Gil,118,Ice Cavern
Steal,Common,Potion,Drop,Always,Nothing,
Uncommon,Phoenix Down,Common,Ore,,,
Semi-Rare,Nothing,Uncommon,Phoenix Down,,,
Rare,Nothing,Rare,Tent,,,
Type,None,Card,,,,
Drop,Flan,,,,,
Eat,Taste bad!,,,,,
Elemental,,,,,,
Weaknesses,None,,,,,
Elemental,,,,,,
Resistances,Ice (Half),,,,,
Status,,,,,,
Vulnerabilities,"Berserk, Confuse, Darkness, KO, Doom, Freeze, Heat, Mini, Petrify, Poison, Silence, Sleep, Slow, Stop, Trouble, Venom",,,,,
Flan,,,,,,
HP,75,MP,183,Level,2,Location
Exp,41,AP,2,Gil,110,Ice Cavern
Steal,Common,Potion,Drop,Always,Nothing,
Uncommon,Ore,Common,Potion,,,
Semi-Rare,Nothing,Uncommon,Phoenix Down,,,
Rare,Nothing,Rare,Nothing,,,
Type,None,Card,,,,
Drop,Flan,,,,,
Eat,Taste bad!,,,,,
Elemental,,,,,,
Weaknesses,Fire,,,,,
Elemental,,,,,,
Resistances,Ice (Half),,,,,
Status,,,,,,
Vulnerabilities,"Berserk, Confuse, Darkness, KO, Doom, Freeze, Heat, Mini, Petrify, Poison, Silence, Sleep, Slow, Stop, Trouble, Venom",,,,,
Wyerd,,,,,,
HP,129,MP,183,Level,2,Location
Exp,45,AP,1,Gil,116,Ice Cavern
Steal,Common,Potion,Drop,Always,Nothing,
Uncommon,Tent,Common,Potion,,,
Semi-Rare,Phoenix Down,Uncommon,Ether,,,
Rare,Nothing,Rare,Nothing,,,
Type,Beast,Card,,,,
Drop,Flan,,,,,
Eat,Taste bad!,,,,,
Elemental,,,,,,
Weaknesses,Fire,,,,,
Elemental,,,,,,
Resistances,Ice (Half),,,,,
Status,,,,,,
Vulnerabilities,"Darkness, KO, Doom, Freeze, Heat, Mini, Petrify, Poison, Silence, Sleep, Slow, Stop, Trouble, Venom",,,,,
Carve Spider,,,,,,
HP,129,MP,199,Level,3,Location
Exp,48,AP,1,Gil,124,Nolrich Heights
Steal,Common,Potion,Drop,Always,Nothing,
Uncommon,Tent,Common,Ore,,,
Semi-Rare,Ore,Uncommon,Eye Drops,,,
Rare,Nothing,Rare,Phoenix Down,,,
Type,Bug,Card,,,,
Drop,Zaghnol,,,,,
Eat,LV3 Def-less,,,,,
Elemental,,,,,,
Weaknesses,None,,,,,
Elemental,,,,,,
Resistances,None,,,,,
Status,,,,,,
Vulnerabilities,"Berserk, Confuse, Darkness, KO, Doom, Freeze, Heat, Mini, Petrify, Poison, Silence, Sleep, Slow, Stop, Trouble, Venom",,,,,
Ghost,,,,,,
HP,118,MP,"9,999",Level,4,Location
Exp,48,AP,1,Gil,126,Dali Underground
Steal,Common,Potion,Drop,Always,Nothing,
Uncommon,Ore,Common,Nothing,,,
Semi-Rare,Hi-Potion,Uncommon,Echo Screen,,,
Rare,Phoenix Pinion,Rare,Nothing,,,
Type,"Undead, Aerial",Card,,,,
Drop,Skeleton,,,,,
Eat,Roulette,,,,,
Elemental,,,,,,
Weaknesses,Shadow,,,,,
Elemental,,,,,,
Resistances,"Holy (Half), Earth (Nullifies)",,,,,
Status,,,,,,
Vulnerabilities,"Darkness, KO, Doom, Freeze, Heat, Mini, Petrify, Poison, Silence, Sleep, Slow, Stop, Trouble, Venom",,,,,
Vice,,,,,,
HP,129,MP,209,Level,4,Location
Exp,48,AP,1,Gil,128,Dali Underground
Steal,Common,Echo Screen,Drop,Always,Nothing,
Uncommon,Potion,Common,Potion,,,
Semi-Rare,Nothing,Uncommon,Echo Screen,,,
Rare,Nothing,Rare,Phoenix Down,,,
Type,None,Card,,,,
Drop,Goblin,,,,,
Eat,Vanish,,,,,
Elemental,,,,,,
Weaknesses,None,,,,,
Elemental,,,,,,
Resistances,None,,,,,
Status,,,,,,
Vulnerabilities,"Berserk, Confuse, Darkness, KO, Doom, Freeze, Heat, Mini, Petrify, Poison, Silence, Sleep, Slow, Stop, Trouble, Venom",,,,,
Fang [B],,,,,,
HP,216,MP,253,Level,5,Location
Exp,0,AP,0,Gil,0,Festival of the Hunt
Steal,Common,Nothing,Drop,Always,Nothing,
Uncommon,Nothing,Common,Nothing,,,
Semi-Rare,Nothing,Uncommon,Nothing,,,
Rare,Nothing,Rare,Nothing,,,
Type,Beast,Card,,,,
Drop,None,,,,,
Eat,Taste bad!,,,,,
Elemental,,,,,,
Weaknesses,Fire,,,,,
Elemental,,,,,,
Resistances,None,,,,,
Status,,,,,,
Vulnerabilities,"Berserk, Confuse, Darkness, KO, Doom, Freeze, Heat, Mini, Petrify, Poison, Silence, Sleep, Slow, Stop, Trouble, Venom",,,,,
Mu [B],,,,,,
HP,201,MP,253,Level,5,Location
Exp,0,AP,0,Gil,0,Festival of the Hunt
Steal,Common,Nothing,Drop,Always,Nothing,
Uncommon,Nothing,Common,Nothing,,,
Semi-Rare,Nothing,Uncommon,Nothing,,,
Rare,Nothing,Rare,Nothing,,,
Type,None,Card,,,,
Drop,None,,,,,
Eat,Taste bad!,,,,,
Elemental,,,,,,
Weaknesses,None,,,,,
Elemental,,,,,,
Resistances,None,,,,,
Status,,,,,,
Vulnerabilities,"Berserk, Confuse, Darkness, KO, Doom, Freeze, Heat, Mini, Petrify, Poison, Silence, Sleep, Slow, Stop, Trouble, Venom",,,,,
Trick Sparrow,,,,,,
HP,191,MP,250,Level,5,Location
Exp,65,AP,1,Gil,198,Festival of the Hunt
Steal,Common,Ore,Drop,Always,Nothing,
Uncommon,Nothing,Common,Nothing,,,
Semi-Rare,Nothing,Uncommon,Echo Screen,,,
Rare,Nothing,Rare,Nothing,,,
Type,Aerial,Card,,,,
Drop,Flan,,,,,
Eat,Matra Magic,,,,,
Elemental,,,,,,
Weaknesses,Wind,,,,,
Elemental,,,,,,
Resistances,Earth (Nullifies),,,,,
Status,,,,,,
Vulnerabilities,"Berserk, Confuse, Darkness, KO, Doom, Freeze, Heat, Mini, Petrify, Poison, Silence, Sleep, Slow, Stop, Trouble, Venom",,,,,
Axe Beak,,,,,,
HP,241,MP,267,Level,6,Location
Exp,123,AP,1,Gil,224,Lindblum Area
Steal,Common,Ore,Drop,Always,Nothing,
Uncommon,Hi-Potion,Common,Potion,,,
Semi-Rare,Ether,Uncommon,Echo Screen,,,
Rare,Nothing,Rare,Nothing,,,
Type,Beast,Card,,,,
Drop,Bomb,,,,,
Eat,Limit Glove,,,,,
Elemental,,,,,,
Weaknesses,None,,,,,
Elemental,,,,,,
Resistances,None,,,,,
Status,,,,,,
Vulnerabilities,"Berserk, Confuse, Darkness, KO, Doom, Freeze, Heat, Mini, Petrify, Poison, Silence, Sleep, Slow, Stop, Trouble, Venom",,,,,
Bomb,,,,,,
HP,526,MP,359,Level,10,Location
Exp,178,AP,1,Gil,235,Lindblum Area
Steal,Common,Ore,Drop,Always,Potion,
Uncommon,Hi-Potion,Common,Hi-Potion,,,
Semi-Rare,Nothing,Uncommon,Phoenix Down,,,
Rare,Ether,Rare,Nothing,,,
Type,Aerial,Card,,,,
Drop,Bomb,,,,,
Eat,Mustard Bomb,,,,,
Elemental,,,,,,
Weaknesses,"Ice, Water, Wind",,,,,
Elemental,,,,,,
Resistances,Fire (Absorbs); Earth (Nullifies),,,,,
Status,,,,,,
Vulnerabilities,"Darkness, KO, Doom, Freeze, Heat, Petrify, Poison, Silence, Sleep, Slow, Stop, Trouble, Venom",,,,,
Clipper,,,,,,
HP,294,MP,278,Level,7,Location
Exp,80,AP,1,Gil,190,Lindblum Area
Steal,Common,Ore,Drop,Always,Nothing,
Uncommon,Hi-Potion,Common,Ore,,,
Semi-Rare,Nothing,Uncommon,Echo Screen,,,
Rare,Nothing,Rare,Nothing,,,
Type,None,Card,,,,
Drop,Ironite,,,,,
Eat,Aqua Breath,,,,,
Elemental,,,,,,
Weaknesses,Lightning,,,,,
Elemental,,,,,,
Resistances,Water (Half),,,,,
Status,,,,,,
Vulnerabilities,"Berserk, Confuse, Darkness, KO, Doom, Freeze, Heat, Mini, Petrify, Poison, Silence, Sleep, Slow, Stop, Trouble, Venom",,,,,
Hedgehog Pie,,,,,,
HP,295,MP,281,Level,7,Location
Exp,119,AP,1,Gil,187,Lindblum Area
Steal,Common,Ore,Drop,Always,Nothing,
Uncommon,Hi-Potion,Common,Phoenix Down,,,
Semi-Rare,Nothing,Uncommon,Nothing,,,
Rare,Phoenix Pinion,Rare,Ether,,,
Type,None,Card,,,,
Drop,Zaghnol,,,,,
Eat,Pumpkin Head,,,,,
Elemental,,,,,,
Weaknesses,None,,,,,
Elemental,,,,,,
Resistances,None,,,,,
Status,,,,,,
Vulnerabilities,"Berserk, Confuse, Darkness, KO, Doom, Freeze, Heat, Mini, Petrify, Poison, Silence, Sleep, Slow, Stop, Trouble, Venom",,,,,
Ironite,,,,,,
HP,889,MP,374,Level,11,Location
Exp,577,AP,2,Gil,269,Lindblum Area
Steal,Common,Hi-Potion,Drop,Always,Hi-Potion,
Uncommon,Soft,Common,Phoenix Down,,,
Semi-Rare,Nothing,Uncommon,Soft,,,
Rare,Nothing,Rare,Ether,,,
Type,"Aerial, Dragon",Card,,,,
Drop,Ironite,,,,,
Eat,Angel's Snack,,,,,
Elemental,,,,,,
Weaknesses,"Ice, Wind",,,,,
Elemental,,,,,,
Resistances,Earth (Nullifies),,,,,
Status,,,,,,
Vulnerabilities,"Berserk, Confuse, Darkness, KO, Doom, Freeze, Heat, Mini, Petrify, Poison, Silence, Sleep, Slow, Stop, Trouble, Venom",,,,,
Ladybird,,,,,,
HP,244,MP,266,Level,6,Location
Exp,89,AP,1,Gil,193,Lindblum Area
Steal,Common,Eye Drops,Drop,Always,Nothing,
Uncommon,Tent,Common,Potion,,,
Semi-Rare,Hi-Potion,Uncommon,Tent,,,
Rare,Phoenix Pinion,Rare,Ether,,,
Type,"Aerial, Bug",Card,,,,
Drop,Lizard Man,,,,,
Eat,Pumpkin Head,,,,,
Elemental,,,,,,
Weaknesses,Wind,,,,,
Elemental,,,,,,
Resistances,Earth (Nullifies),,,,,
Status,,,,,,
Vulnerabilities,"Berserk, Confuse, Darkness, KO, Doom, Freeze, Heat, Mini, Petrify, Poison, Silence, Sleep, Slow, Stop, Trouble, Venom",,,,,
Mandragora,,,,,,
HP,662,MP,342,Level,9,Location
Exp,307,AP,1,Gil,595,Lindblum Area
Steal,Common,Echo Screen,Drop,Always,Nothing,
Uncommon,Tent,Common,Potion,,,
Semi-Rare,Hi-Potion,Uncommon,Tent,,,
Rare,Phoenix Pinion,Rare,Ether,,,
Type,None,Card,,,,
Drop,Mandragora,,,,,
Eat,Limit Glove,,,,,
Elemental,,,,,,
Weaknesses,Fire,,,,,
Elemental,,,,,,
Resistances,None,,,,,
Status,,,,,,
Vulnerabilities,"Darkness, KO, Doom, Freeze, Heat, Mini, Petrify, Poison, Silence, Sleep, Slow, Stop, Trouble, Venom",,,,,
Serpion,,,,,,
HP,397,MP,295,Level,8,Location
Exp,139,AP,1,Gil,184,Lindblum Area
Steal,Common,Antidote,Drop,Always,Nothing,
Uncommon,Nothing,Common,Eye Drops,,,
Semi-Rare,Nothing,Uncommon,Nothing,,,
Rare,Nothing,Rare,Ether,,,
Type,Dragon,Card,,,,
Drop,Flan,,,,,
Eat,Mighty Guard,,,,,
Elemental,,,,,,
Weaknesses,Ice,,,,,
Elemental,,,,,,
Resistances,None,,,,,
Status,,,,,,
Vulnerabilities,"Darkness, KO, Doom, Freeze, Heat, Mini, Petrify, Poison, Silence, Sleep, Slow, Stop, Trouble, Venom",,,,,
Anemone,,,,,,
HP,"3,586",MP,"1,045",Level,31,Location
Exp,5080,AP,2,Gil,1137,Qu's Marsh
Steal,Common,Ore,Drop,Always,Nothing,
Uncommon,Tent,Common,Hi-Potion,,,
Semi-Rare,Nothing,Uncommon,Eye Drops,,,
Rare,Nothing,Rare,Ether,,,
Type,None,Card,,,,
Drop,Dragonfly,,,,,
Eat,Bad Breath,,,,,
Elemental,,,,,,
Weaknesses,Lightning,,,,,
Elemental,,,,,,
Resistances,Water (Half),,,,,
Status,,,,,,
Vulnerabilities,"Darkness, KO, Doom, Freeze, Heat, Mini, Petrify, Poison, Silence, Sleep, Slow, Stop, Trouble, Venom",,,,,
Axolotl,,,,,,
HP,211,MP,266,Level,6,Location
Exp,106,AP,1,Gil,236,Qu's Marsh
Steal,Common,Potion,Drop,Always,Nothing,
Uncommon,Hi-Potion,Common,Potion,,,
Semi-Rare,Nothing,Uncommon,Phoenix Down,,,
Rare,Phoenix Pinion,Rare,Nothing,,,
Type,None,Card,,,,
Drop,Sahagin,,,,,
Eat,Aqua Breath,,,,,
Elemental,,,,,,
Weaknesses,Lightning,,,,,
Elemental,,,,,,
Resistances,Water (Nullifies),,,,,
Status,,,,,,
Vulnerabilities,"Berserk, Confuse, Darkness, KO, Doom, Freeze, Heat, Mini, Petrify, Poison, Silence, Sleep, Slow, Stop, Trouble, Venom",,,,,
Gigan Toad [A],,,,,,
HP,242,MP,264,Level,6,Location
Exp,139,AP,1,Gil,292,Qu's Marsh
Steal,Common,Potion,Drop,Always,Nothing,
Uncommon,Tent,Common,Potion,,,
Semi-Rare,Hi-Potion,Uncommon,Ore,,,
Rare,Phoenix Pinion,Rare,Ether,,,
Type,None,Card,,,,
Drop,None,,,,,
Eat,Frog Drop,,,,,
Elemental,,,,,,
Weaknesses,Lightning,,,,,
Elemental,,,,,,
Resistances,Water (Absorbs),,,,,
Status,,,,,,
Vulnerabilities,"Darkness, KO, Doom, Freeze, Heat, Mini, Petrify, Poison, Silence, Sleep, Slow, Stop, Trouble, Venom",,,,,
Gigan Toad [B],,,,,,
HP,297,MP,280,Level,7,Location
Exp,0,AP,0,Gil,0,Qu's Marsh
Steal,Common,Ore,Drop,Always,Nothing,
Uncommon,Nothing,Common,Potion,,,
Semi-Rare,Nothing,Uncommon,Echo Screen,,,
Rare,Nothing,Rare,Nothing,,,
Type,None,Card,,,,
Drop,Frog,,,,,
Eat,Frog Drop,,,,,
Elemental,,,,,,
Weaknesses,Lightning,,,,,
Elemental,,,,,,
Resistances,Water (Absorbs),,,,,
Status,,,,,,
Vulnerabilities,"Darkness, KO, Doom, Freeze, Heat, Mini, Petrify, Poison, Silence, Sleep, Slow, Stop, Trouble, Venom",,,,,
Sahagin,,,,,,
HP,"1,375",MP,585,Level,18,Location
Exp,1368,AP,2,Gil,684,Qu's Marsh
Steal,Common,Hi-Potion,Drop,Always,Nothing,
Uncommon,Nothing,Common,Nothing,,,
Semi-Rare,Nothing,Uncommon,Phoenix Down,,,
Rare,Ether,Rare,Ether,,,
Type,None,Card,,,,
Drop,Sahagin,,,,,
Eat,Aqua Breath,,,,,
Elemental,,,,,,
Weaknesses,Lightning,,,,,
Elemental,,,,,,
Resistances,Water (Absorbs),,,,,
Status,,,,,,
Vulnerabilities,"Darkness, KO, Doom, Freeze, Heat, Mini, Petrify, Poison, Silence, Sleep, Slow, Stop, Trouble, Venom",,,,,
Hornet,,,,,,
HP,293,MP,281,Level,7,Location
Exp,89,AP,1,Gil,194,Gizamaluke's Grotto
Steal,Common,Potion,Drop,Always,Nothing,
Uncommon,Nothing,Common,Potion,,,
Semi-Rare,Nothing,Uncommon,Nothing,,,
Rare,Nothing,Rare,Ether,,,
Type,"Bug, Aerial",Card,,,,
Drop,Flan,,,,,
Eat,Vanish,,,,,
Elemental,,,,,,
Weaknesses,"Lightning, Wind",,,,,
Elemental,,,,,,
Resistances,Earth (Nullifies),,,,,
Status,,,,,,
Vulnerabilities,"Berserk, Confuse, Darkness, KO, Doom, Freeze, Heat, Mini, Petrify, Poison, Silence, Sleep, Slow, Stop, Trouble, Venom",,,,,
Lamia,,,,,,
HP,994,MP,358,Level,10,Location
Exp,204,AP,2,Gil,494,Gizamaluke's Grotto
Steal,Common,Ore,Drop,Always,Potion,
Uncommon,Phoenix Down,Common,Phoenix Down,,,
Semi-Rare,Nothing,Uncommon,Ether,,,
Rare,Nothing,Rare,Nothing,,,
Type,None,Card,,,,
Drop,Zombie,,,,,
Eat,LV3 Def-less,,,,,
Elemental,,,,,,
Weaknesses,Lightning,,,,,
Elemental,,,,,,
Resistances,Water (Half),,,,,
Status,,,,,,
Vulnerabilities,"Berserk, Confuse, Darkness, KO, Doom, Freeze, Heat, Mini, Petrify, Poison, Silence, Sleep, Slow, Stop, Trouble, Venom",,,,,
Skeleton,,,,,,
HP,400,MP,293,Level,8,Location
Exp,104,AP,1,Gil,209,Gizamaluke's Grotto
Steal,Common,Ore,Drop,Always,Nothing,
Uncommon,Hi-Potion,Common,Potion,,,
Semi-Rare,Nothing,Uncommon,Phoenix Down,,,
Rare,Ether,Rare,Nothing,,,
Type,Undead,Card,,,,
Drop,Skeleton,,,,,
Eat,Pumpkin Head,,,,,
Elemental,,,,,,
Weaknesses,"Fire, Holy",,,,,
Elemental,,,,,,
Resistances,Shadow (Half),,,,,
Status,,,,,,
Vulnerabilities,"Berserk, Confuse, Darkness, KO, Doom, Freeze, Heat, Mini, Petrify, Poison, Silence, Sleep, Slow, Stop, Trouble, Venom",,,,,
Type A,,,,,,
HP,398,MP,293,Level,8,Location
Exp,115,AP,2,Gil,199,Gizamaluke's Grotto
Steal,Common,Phoenix Down,Drop,Always,Nothing,
Uncommon,Tent,Common,Potion,,,
Semi-Rare,Nothing,Uncommon,Phoenix Down,,,
Rare,Nothing,Rare,Ether,,,
Type,Human,Card,,,,
Drop,Skeleton,,,,,
Eat,Taste bad!,,,,,
Elemental,,,,,,
Weaknesses,None,,,,,
Elemental,,,,,,
Resistances,None,,,,,
Status,,,,,,
Vulnerabilities,"Berserk, Confuse, Darkness, KO, Doom, Freeze, Heat, Mini, Petrify, Poison, Silence, Sleep, Slow, Stop, Trouble, Venom",,,,,
Garuda,,,,,,
HP,"3,521",MP,"1,216",Level,35,Location
Exp,6933,AP,2,Gil,1279,Popos Heights
Steal,Common,Ore,Drop,Always,Nothing,
Uncommon,Hi-Potion,Common,Ore,,,
Semi-Rare,Ether,Uncommon,Phoenix Down,,,
Rare,Phoenix Pinion,Rare,Ether,,,
Type,Aerial,Card,,,,
Drop,Gimme Cat,,,,,
Eat,White Wind,,,,,
Elemental,,,,,,
Weaknesses,"Wind, Shadow",,,,,
Elemental,,,,,,
Resistances,"Earth (Nullifies), Holy (Half)",,,,,
Status,,,,,,
Vulnerabilities,"Darkness, KO, Doom, Freeze, Heat, Mini, Petrify, Poison, Sleep, Slow, Stop, Trouble, Venom",,,,,
Grand Dragon,,,,,,
HP,"13,206",MP,"2,550",Level,60,Location
Exp,35208,AP,3,Gil,2604,Popos Heights
Steal,Common,Tent,Drop,Always,Nothing,
Uncommon,Ether,Common,Phoenix Down,,,
Semi-Rare,Nothing,Uncommon,Ether,,,
Rare,Rising Sun,Rare,Ether,,,
Type,Dragon,Card,,,,
Drop,Grand Dragon,,,,,
Eat,LV3 Def-less,,,,,
Elemental,,,,,,
Weaknesses,Ice,,,,,
Elemental,,,,,,
Resistances,Lightning (Half),,,,,
Status,,,,,,
Vulnerabilities,"Berserk, KO, Doom, Freeze, Heat, Mini, Petrify, Poison, Sleep, Slow, Stop, Trouble, Venom",,,,,
Lizard Man,,,,,,
HP,589,MP,359,Level,10,Location
Exp,173,AP,1,Gil,218,Burmecia Area
Steal,Common,Ore,Drop,Always,Nothing,
Uncommon,Tent,Common,Ore,,,
Semi-Rare,Nothing,Uncommon,Phoenix Down,,,
Rare,Nothing,Rare,Ether,,,
Type,None,Card,,,,
Drop,Lizard Man,,,,,
Eat,LV3 Def-less,,,,,
Elemental,,,,,,
Weaknesses,"Ice, Lightning",,,,,
Elemental,,,,,,
Resistances,Water (Half),,,,,
Status,,,,,,
Vulnerabilities,"Berserk, Confuse, Darkness, KO, Doom, Freeze, Heat, Mini, Petrify, Poison, Silence, Sleep, Slow, Stop, Trouble, Venom",,,,,
Nymph,,,,,,
HP,458,MP,345,Level,9,Location
Exp,329,AP,1,Gil,303,Burmecia Area
Steal,Common,Echo Screen,Drop,Always,Nothing,
Uncommon,Ore,Common,Potion,,,
Semi-Rare,Hi-Potion,Uncommon,Annoyntment,,,
Rare,Phoenix Pinion,Rare,Ether,,,
Type,None,Card,,,,
Drop,Nymph,,,,,
Eat,Night,,,,,
Elemental,,,,,,
Weaknesses,"Fire, Shadow",,,,,
Elemental,,,,,,
Resistances,Holy (Half),,,,,
Status,,,,,,
Vulnerabilities,"Berserk, Confuse, Darkness, KO, Doom, Freeze, Heat, Mini, Petrify, Poison, Silence, Sleep, Slow, Stop, Trouble, Venom",,,,,
Sand Scorpion,,,,,,
HP,526,MP,360,Level,10,Location
Exp,400,AP,1,Gil,315,Burmecia Area
Steal,Common,Ore,Drop,Always,Potion,
Uncommon,Antidote,Common,Annoyntment,,,
Semi-Rare,Nothing,Uncommon,Hi-Potion,,,
Rare,Ether,Rare,Hi-Potion,,,
Type,None,Card,,,,
Drop,Sand Scorpion,,,,,
Eat,LV3 Def-less,,,,,
Elemental,,,,,,
Weaknesses,Ice,,,,,
Elemental,,,,,,
Resistances,Water (Absorb),,,,,
Status,,,,,,
Vulnerabilities,"Darkness, KO, Doom, Freeze, Heat, Mini, Petrify, Poison, Silence, Sleep, Slow, Stop, Trouble, Venom",,,,,
Yeti,,,,,,
HP,463,MP,342,Level,9,Location
Exp,133,AP,1,Gil,221,Burmecia Area
Steal,Common,Eye Drops,Drop,Always,Nothing,
Uncommon,Ore,Common,Potion,,,
Semi-Rare,Hi-Potion,Uncommon,Eye Drops,,,
Rare,Nothing,Rare,Ether,,,
Type,Aerial,Card,,,,
Drop,Yeti,,,,,
Eat,Pumpkin Head,,,,,
Elemental,,,,,,
Weaknesses,"Wind, Shadow",,,,,
Elemental,,,,,,
Resistances,"Earth (Nullifies), Holy (Half)",,,,,
Status,,,,,,
Vulnerabilities,"Berserk, Confuse, Darkness, KO, Doom, Freeze, Heat, Mini, Petrify, Poison, Silence, Sleep, Slow, Stop, Trouble, Venom",,,,,
Basilisk,,,,,,
HP,346,MP,267,Level,6,Location
Exp,167,AP,1,Gil,233,Burmecia
Steal,Common,Soft,Drop,Always,Potion,
Uncommon,Hi-Potion,Common,Soft,,,
Semi-Rare,Nothing,Uncommon,Hi-Potion,,,
Rare,Nothing,Rare,Soft,,,
Type,Beast,Card,,,,
Drop,Lizard Man,,,,,
Eat,Pumpkin Head,,,,,
Elemental,,,,,,
Weaknesses,Ice,,,,,
Elemental,,,,,,
Resistances,None,,,,,
Status,,,,,,
Vulnerabilities,"Berserk, Confuse, Darkness, KO, Doom, Freeze, Heat, Mini, Petrify, Poison, Silence, Sleep, Slow, Stop, Trouble, Venom",,,,,
Magic Vice,,,,,,
HP,297,MP,278,Level,7,Location
Exp,212,AP,1,Gil,239,Burmecia
Steal,Common,Echo Screen,Drop,Always,Nothing,
Uncommon,Ether,Common,Ether,,,
Semi-Rare,Ether,Uncommon,Nothing,,,
Rare,Ether,Rare,Nothing,,,
Type,None,Card,,,,
Drop,Bomb,,,,,
Eat,Magic Hammer,,,,,
Elemental,,,,,,
Weaknesses,None,,,,,
Elemental,,,,,,
Resistances,None,,,,,
Status,,,,,,
Vulnerabilities,"Darkness, KO, Doom, Freeze, Heat, Mini, Petrify, Poison, Silence, Sleep, Slow, Stop, Venom",,,,,
Mimic,,,,,,
HP,346,MP,295,Level,8,Location
Exp,320,AP,2,Gil,777,Burmecia
Steal,Common,Hi-Potion,Drop,Always,Ether,
Uncommon,Antidote,Common,Hi-Potion,,,
Semi-Rare,Nothing,Uncommon,Phoenix Down,,,
Rare,Nothing,Rare,Ether,,,
Type,None,Card,,,,
Drop,Mimic,,,,,
Eat,Taste bad!,,,,,
Elemental,,,,,,
Weaknesses,Holy,,,,,
Elemental,,,,,,
Resistances,Shadow (Half),,,,,
Status,,,,,,
Vulnerabilities,"Darkness, Doom, Freeze, Heat, Mini, Petrify, Poison, Silence, Sleep, Slow, Stop, Trouble, Venom",,,,,
Crawler,,,,,,
HP,625,MP,358,Level,10,Location
Exp,480,AP,2,Gil,323,Gargan Roo
Steal,Common,Antidote,Drop,Always,Nothing,
Uncommon,Phoenix Down,Common,Ore,,,
Semi-Rare,Hi-Potion,Uncommon,Ether,,,
Rare,Phoenix Pinion,Rare,Nothing,,,
Type,Bug,Card,,,,
Drop,Crawler,,,,,
Eat,Taste bad!,,,,,
Elemental,,,,,,
Weaknesses,Ice,,,,,
Elemental,,,,,,
Resistances,None,,,,,
Status,,,,,,
Vulnerabilities,"Berserk, Darkness, KO, Doom, Freeze, Heat, Mini, Petrify, Poison, Silence, Sleep, Slow, Stop, Trouble, Venom",,,,,
Dragonfly,,,,,,
HP,348,MP,295,Level,8,Location
Exp,249,AP,1,Gil,307,Gargan Roo
Steal,Common,Eye Drops,Drop,Always,Nothing,
Uncommon,Tent,Common,Ore,,,
Semi-Rare,Nothing,Uncommon,Echo Screen,,,
Rare,Nothing,Rare,Nothing,,,
Type,"Bug, Aerial",Card,,,,
Drop,None,,,,,
Eat,Matra Magic,,,,,
Elemental,,,,,,
Weaknesses,"Ice, Wind",,,,,
Elemental,,,,,,
Resistances,Earth (Nullifies),,,,,
Status,,,,,,
Vulnerabilities,"Berserk, Confuse, Darkness, KO, Doom, Freeze, Heat, Mini, Petrify, Poison, Silence, Sleep, Slow, Stop, Trouble, Venom",,,,,
Carrion Worm,,,,,,
HP,259,MP,345,Level,9,Location
Exp,329,AP,2,Gil,319,Cleyra
Steal,Common,Annoyntment,Drop,Always,Potion,
Uncommon,Tent,Common,Eye Drops,,,
Semi-Rare,Nothing,Uncommon,Phoenix Down,,,
Rare,Nothing,Rare,Phoenix Down,,,
Type,Bug,Card,,,,
Drop,Carrion Worm,,,,,
Eat,Auto-Life,,,,,
Elemental,,,,,,
Weaknesses,"Ice, Water",,,,,
Elemental,,,,,,
Resistances,None,,,,,
Status,,,,,,
Vulnerabilities,"Darkness, KO, Doom, Freeze, Heat, Mini, Petrify, Poison, Silence, Sleep, Slow, Stop, Trouble, Venom",,,,,
Sand Golem,,,,,,
HP,"1,091",MP,377,Level,11,Location
Exp,0,AP,0,Gil,0,Cleyra
Steal,Common,Ore,Drop,Always,Nothing,
Uncommon,Hi-Potion,Common,Hi-Potion,,,
Semi-Rare,Nothing,Uncommon,Hi-Potion,,,
Rare,Nothing,Rare,Hi-Potion,,,
Type,None,Card,,,,
Drop,None,,,,,
Eat,Taste bad!,,,,,
Elemental,,,,,,
Weaknesses,Ice,,,,,
Elemental,,,,,,
Resistances,Water (Absorbs),,,,,
Status,,,,,,
Vulnerabilities,None,,,,,
Soldier [A],,,,,,
HP,523,MP,358,Level,10,Location
Exp,400,AP,1,Gil,311,Cleyra
Steal,Common,Hi-Potion,Drop,Always,Nothing,
Uncommon,Phoenix Down,Common,Potion,,,
Semi-Rare,Echo Screen,Uncommon,Hi-Potion,,,
Rare,Phoenix Pinion,Rare,Ether,,,
Type,Human,Card,,,,
Drop,Mythril Sword,,,,,
Eat,Taste bad!,,,,,
Elemental,,,,,,
Weaknesses,None,,,,,
Elemental,,,,,,
Resistances,None,,,,,
Status,,,,,,
Vulnerabilities,"Berserk, Confuse, Darkness, KO, Doom, Freeze, Heat, Mini, Petrify, Poison, Silence, Sleep, Slow, Stop, Trouble, Venom",,,,,
Type B,,,,,,
HP,526,MP,361,Level,10,Location
Exp,373,AP,1,Gil,321,Cleyra
Steal,Common,Ore,Drop,Always,Nothing,
Uncommon,Hi-Potion,Common,Potion,,,
Semi-Rare,Ether,Uncommon,Remedy,,,
Rare,Nothing,Rare,Phoenix Down,,,
Type,Human,Card,,,,
Drop,Mimic,,,,,
Eat,Can't Eat!,,,,,
Elemental,,,,,,
Weaknesses,None,,,,,
Elemental,,,,,,
Resistances,None,,,,,
Status,,,,,,
Vulnerabilities,"Darkness, KO, Doom, Freeze, Heat, Mini, Petrify, Poison, Silence, Sleep, Slow, Stop, Trouble, Venom",,,,,
Zuu,,,,,,
HP,"1,149",MP,293,Level,8,Location
Exp,320,AP,2,Gil,384,Cleyra
Steal,Common,Potion,Drop,Always,Potion,
Uncommon,Ore,Common,Phoenix Down,,,
Semi-Rare,Hi-Potion,Uncommon,Ether,,,
Rare,Phoenix Pinion,Rare,Hi-Potion,,,
Type,Aerial,Card,,,,
Drop,Zuu,,,,,
Eat,White Wind,,,,,
Elemental,,,,,,
Weaknesses,"Ice, Wind, Water",,,,,
Elemental,,,,,,
Resistances,Earth (Nullifies),,,,,
Status,,,,,,
Vulnerabilities,"Berserk, Confuse, Darkness, KO, Doom, Freeze, Heat, Mini, Petrify, Poison, Silence, Sleep, Slow, Stop, Trouble, Venom",,,,,
Bandersnatch,,,,,,
HP,899,MP,464,Level,14,Location
Exp,787,AP,2,Gil,347,Alexandria
Steal,Common,Potion,Drop,Always,Phoenix Down,
Uncommon,Tent,Common,Ore,,,
Semi-Rare,Nothing,Uncommon,Nothing,,,
Rare,Nothing,Rare,Nothing,,,
Type,Beast,Card,,,,
Drop,Wyerd,,,,,
Eat,Pumpkin Head,,,,,
Elemental,,,,,,
Weaknesses,None,,,,,
Elemental,,,,,,
Resistances,None,,,,,
Status,,,,,,
Vulnerabilities,"Berserk, Confuse, Darkness, KO, Doom, Freeze, Heat, Mini, Petrify, Poison, Silence, Sleep, Slow, Stop, Trouble, Venom",,,,,
Soldier [B],,,,,,
HP,459,MP,342,Level,9,Location
Exp,357,AP,1,Gil,292,Alexandria
Steal,Common,Potion,Drop,Always,Nothing,
Uncommon,Phoenix Down,Common,Potion,,,
Semi-Rare,Hi-Potion,Uncommon,Hi-Potion,,,
Rare,Phoenix Pinion,Rare,Nothing,,,
Type,Human,Card,,,,
Drop,Mythril Sword,,,,,
Eat,Taste bad!,,,,,
Elemental,,,,,,
Weaknesses,None,,,,,
Elemental,,,,,,
Resistances,None,,,,,
Status,,,,,,
Vulnerabilities,"Berserk, Confuse, Darkness, KO, Doom, Freeze, Heat, Mini, Petrify, Poison, Silence, Sleep, Slow, Stop, Trouble, Venom",,,,,
Type C,,,,,,
HP,623,MP,447,Level,13,Location
Exp,629,AP,0,Gil,336,Alexandria
Steal,Common,Potion,Drop,Always,Nothing,
Uncommon,Tent,Common,Hi-Potion,,,
Semi-Rare,Nothing,Uncommon,Echo Screen,,,
Rare,Nothing,Rare,Ether,,,
Type,Human,Card,,,,
Drop,Yeti,,,,,
Eat,Taste bad!,,,,,
Elemental,,,,,,
Weaknesses,None,,,,,
Elemental,,,,,,
Resistances,None,,,,,
Status,,,,,,
Vulnerabilities,"Berserk, Confuse, Darkness, KO, Doom, Freeze, Heat, Mini, Petrify, Poison, Silence, Sleep, Slow, Stop, Trouble, Venom",,,,,
Seeker Bat,,,,,,
HP,594,MP,377,Level,12,Location
Exp,449,AP,2,Gil,366,Pinnacle Rocks
Steal,Common,Eye Drops,Drop,Always,Nothing,
Uncommon,Tent,Common,Echo Screen,,,
Semi-Rare,Nothing,Uncommon,Hi-Potion,,,
Rare,Nothing,Rare,Ether,,,
Type,Aerial,Card,,,,
Drop,Wyerd,,,,,
Eat,Night,,,,,
Elemental,,,,,,
Weaknesses,"Fire, Wind",,,,,
Elemental,,,,,,
Resistances,Earth (Nullifies),,,,,
Status,,,,,,
Vulnerabilities,"Berserk, Confuse, Darkness, KO, Doom, Freeze, Heat, Mini, Petrify, Poison, Silence, Sleep, Slow, Stop, Trouble, Venom",,,,,
Zaghnol [B],,,,,,
HP,"1,189",MP,489,Level,16,Location
Exp,1261,AP,2,Gil,546,Pinnacle Rocks
Steal,Common,Ore,Drop,Always,Nothing,
Uncommon,Tent,Common,Eye Drops,,,
Semi-Rare,Nothing,Uncommon,Ether,,,
Rare,Ether,Rare,Nothing,,,
Type,Beast,Card,,,,
Drop,Zaghnol,,,,,
Eat,Matra Magic,,,,,
Elemental,,,,,,
Weaknesses,Water,,,,,
Elemental,,,,,,
Resistances,Lightning (Half),,,,,
Status,,,,,,
Vulnerabilities,"Berserk, Confuse, Darkness, KO, Doom, Freeze, Heat, Mini, Petrify, Poison, Silence, Sleep, Slow, Stop, Trouble, Venom",,,,,
Abomination,,,,,,
HP,879,MP,482,Level,15,Location
Exp,913,AP,1,Gil,388,Fossil Roo
Steal,Common,Ore,Drop,Always,Nothing,
Uncommon,Hi-Potion,Common,Annoyntment,,,
Semi-Rare,Nothing,Uncommon,Phoenix Down,,,
Rare,Ether,Rare,Nothing,,,
Type,None,Card,,,,
Drop,Ironite,,,,,
Eat,Night,,,,,
Elemental,,,,,,
Weaknesses,None,,,,,
Elemental,,,,,,
Resistances,None,,,,,
Status,,,,,,
Vulnerabilities,"Berserk, Confuse, Darkness, KO, Doom, Freeze, Heat, Mini, Petrify, Poison, Silence, Sleep, Slow, Stop, Trouble, Venom",,,,,
Feather Circle,,,,,,
HP,619,MP,448,Level,13,Location
Exp,629,AP,2,Gil,378,Fossil Roo
Steal,Common,Ore,Drop,Always,Nothing,
Uncommon,Annoyntment,Common,Nothing,,,
Semi-Rare,Hi-Potion,Uncommon,Phoenix Down,,,
Rare,Ether,Rare,Nothing,,,
Type,Aerial,Card,,,,
Drop,Mandragora,,,,,
Eat,LV4 Holy,,,,,
Elemental,,,,,,
Weaknesses,"Lightning, Wind",,,,,
Elemental,,,,,,
Resistances,Earth (Nullifies),,,,,
Status,,,,,,
Vulnerabilities,"Berserk, Confuse, Darkness, KO, Doom, Freeze, Heat, Mini, Petrify, Poison, Silence, Sleep, Slow, Stop, Trouble, Venom",,,,,
Griffin,,,,,,
HP,"1,470",MP,602,Level,16,Location
Exp,1858,AP,2,Gil,602,Fossil Roo
Steal,Common,Ore,Drop,Always,Peridot,
Uncommon,Nothing,Common,Nothing,,,
Semi-Rare,Nothing,Uncommon,Hi-Potion,,,
Rare,Nothing,Rare,Ether,,,
Type,Aerial,Card,,,,
Drop,Sand Scorpion,,,,,
Eat,White Wind,,,,,
Elemental,,,,,,
Weaknesses,Wind,,,,,
Elemental,,,,,,
Resistances,Earth (Nullifies),,,,,
Status,,,,,,
Vulnerabilities,"Berserk, Confuse, Darkness, KO, Doom, Freeze, Heat, Mini, Petrify, Poison, Silence, Sleep, Slow, Stop, Trouble, Venom",,,,,
Cactuar,,,,,,
HP,"1,939",MP,"1,018",Level,1,Location
Exp,4208,AP,2,Gil,1021,Outer Continent
Steal,Common,Phoenix Down,Drop,Always,Hi-Potion,
Uncommon,Tent,Common,Phoenix Down,,,
Semi-Rare,Nothing,Uncommon,Tent,,,
Rare,Ether,Rare,Ether,,,
Type,None,Card,,,,
Drop,Cactuar,,,,,
Eat,"1,000 Needles",,,,,
Elemental,,,,,,
Weaknesses,Fire,,,,,
Elemental,,,,,,
Resistances,Water (Absorbs),,,,,
Status,,,,,,
Vulnerabilities,"Darkness, KO, Doom, Freeze, Heat, Mini, Petrify, Poison, Sleep, Slow, Stop, Trouble, Venom",,,,,
Goblin Mage,,,,,,
HP,983,MP,485,Level,15,Location
Exp,913,AP,0,Gil,568,Outer Continent
Steal,Common,Potion,Drop,Always,Nothing,
Uncommon,Ore,Common,Nothing,,,
Semi-Rare,Nothing,Uncommon,Echo Screen,,,
Rare,Nothing,Rare,Nothing,,,
Type,None,Card,,,,
Drop,Nymph,,,,,
Eat,Goblin Punch,,,,,
Elemental,,,,,,
Weaknesses,None,,,,,
Elemental,,,,,,
Resistances,None,,,,,
Status,,,,,,
Vulnerabilities,"Berserk, Confuse, Darkness, KO, Doom, Freeze, Heat, Mini, Petrify, Poison, Silence, Sleep, Slow, Stop, Trouble, Venom",,,,,
Myconid,,,,,,
HP,"1,372",MP,584,Level,20,Location
Exp,1368,AP,1,Gil,726,Dead Forest
Steal,Common,Eye Drops,Drop,Always,Nothing,
Uncommon,Tent,Common,Echo Screen,,,
Semi-Rare,Nothing,Uncommon,Nothing,,,
Rare,Nothing,Rare,Ether,,,
Type,Aerial,Card,,,,
Drop,Carrion Worm,,,,,
Eat,Mighty Guard,,,,,
Elemental,,,,,,
Weaknesses,"Fire, Wind",,,,,
Elemental,,,,,,
Resistances,Earth (Nullifies),,,,,
Status,,,,,,
Vulnerabilities,"Berserk, Confuse, Darkness, KO, Doom, Freeze, Heat, Mini, Petrify, Poison, Silence, Sleep, Slow, Stop, Trouble, Venom",,,,,
Zemzelett,,,,,,
HP,"1,571",MP,625,Level,20,Location
Exp,2093,AP,2,Gil,889,Dead Forest
Steal,Common,Ore,Drop,Always,Nothing,
Uncommon,Hi-Potion,Common,Hi-Potion,,,
Semi-Rare,Nothing,Uncommon,Eye Drops,,,
Rare,Ether,Rare,Nothing,,,
Type,Aerial,Card,,,,
Drop,Zuu,,,,,
Eat,White Wind,,,,,
Elemental,,,,,,
Weaknesses,Wind,,,,,
Elemental,,,,,,
Resistances,Earth (Nullifies),,,,,
Status,,,,,,
Vulnerabilities,"Darkness, KO, Doom, Freeze, Heat, Mini, Petrify, Poison, Silence, Sleep, Slow, Stop, Trouble, Venom",,,,,
Gnoll,,,,,,
HP,"1,375",MP,586,Level,18,Location
Exp,1368,AP,1,Gil,691,Conde Petie Mountain Path
Steal,Common,Hi-Potion,Drop,Always,Nothing,
Uncommon,Nothing,Common,Sapphire,,,
Semi-Rare,Phoenix Pinion,Uncommon,Nothing,,,
Rare,Ether,Rare,Nothing,,,
Type,None,Card,,,,
Drop,Mimic,,,,,
Eat,Vanish,,,,,
Elemental,,,,,,
Weaknesses,None,,,,,
Elemental,,,,,,
Resistances,None,,,,,
Status,,,,,,
Vulnerabilities,"Darkness, KO, Doom, Freeze, Heat, Mini, Petrify, Poison, Silence, Sleep, Slow, Stop, Trouble, Venom",,,,,
Ochu,,,,,,
HP,"3,568",MP,622,Level,16,Location
Exp,2093,AP,2,Gil,845,Conde Petie Mountain Path
Steal,Common,Hi-Potion,Drop,Always,Nothing,
Uncommon,Nothing,Common,Nothing,,,
Semi-Rare,Phoenix Pinion,Uncommon,Phoenix Down,,,
Rare,Ether,Rare,Ether,,,
Type,None,Card,,,,
Drop,Ochu,,,,,
Eat,LV3 Def-less,,,,,
Elemental,,,,,,
Weaknesses,Fire,,,,,
Elemental,,,,,,
Resistances,None,,,,,
Status,,,,,,
Vulnerabilities,"Berserk, Confuse, Darkness, KO, Doom, Freeze, Heat, Mini, Petrify, Poison, Silence, Sleep, Slow, Stop, Trouble, Venom",,,,,
Troll,,,,,,
HP,"1,469",MP,623,Level,20,Location
Exp,2093,AP,1,Gil,854,Conde Petie Mountain Path
Steal,Common,Ore,Drop,Always,Nothing,
Uncommon,Tent,Common,Nothing,,,
Semi-Rare,Nothing,Uncommon,Nothing,,,
Rare,Nothing,Rare,Nothing,,,
Type,None,Card,,,,
Drop,Troll,,,,,
Eat,Vanish,,,,,
Elemental,,,,,,
Weaknesses,None,,,,,
Elemental,,,,,,
Resistances,None,,,,,
Status,,,,,,
Vulnerabilities,"Berserk, Confuse, Darkness, KO, Doom, Freeze, Heat, Mini, Petrify, Poison, Silence, Sleep, Slow, Stop, Trouble, Venom",,,,,
Blazer Beetle,,,,,,
HP,"1,468",MP,603,Level,19,Location
Exp,1548,AP,1,Gil,740,Madain Sari Area
Steal,Common,Hi-Potion,Drop,Always,Nothing,
Uncommon,Nothing,Common,Nothing,,,
Semi-Rare,Phoenix Down,Uncommon,Phoenix Down,,,
Rare,Ether,Rare,Ether,,,
Type,Bug,Card,,,,
Drop,Crawler,,,,,
Eat,Limit Glove,,,,,
Elemental,,,,,,
Weaknesses,None,,,,,
Elemental,,,,,,
Resistances,None,,,,,
Status,,,,,,
Vulnerabilities,"Berserk, Confuse, Darkness, KO, Doom, Freeze, Heat, Mini, Petrify, Poison, Silence, Sleep, Slow, Stop, Trouble, Venom",,,,,
Dracozombie,,,,,,
HP,"2,179",MP,760,Level,24,Location
Exp,3229,AP,3,Gil,941,Iifa Tree
Steal,Common,Magic Tag,Drop,Always,Nothing,
Uncommon,Hi-Potion,Common,Hi-Potion,,,
Semi-Rare,Nothing,Uncommon,Phoenix Down,,,
Rare,Ether,Rare,Ether,,,
Type,"Dragon, Undead",Card,,,,
Drop,Gargant,,,,,
Eat,LV5 Death,,,,,
Elemental,,,,,,
Weaknesses,"Fire, Ice, Holy",,,,,
Elemental,,,,,,
Resistances,Shadow (Half),,,,,
Status,,,,,,
Vulnerabilities,"Berserk, Darkness, KO, Doom, Freeze, Heat, Mini, Petrify, Poison, Silence, Sleep, Slow, Stop, Trouble, Venom",,,,,
Mistodon [A],,,,,,
HP,"1,473",MP,602,Level,19,Location
Exp,2548,AP,2,Gil,747,Iifa Tree
Steal,Common,Ore,Drop,Always,Nothing,
Uncommon,Hi-Potion,Common,Peridot,,,
Semi-Rare,Nothing,Uncommon,Ether,,,
Rare,Nothing,Rare,Peridot,,,
Type,Undead,Card,,,,
Drop,Sand Golem,,,,,
Eat,Angel's Snack,,,,,
Elemental,,,,,,
Weaknesses,"Fire, Holy",,,,,
Elemental,,,,,,
Resistances,Shadow (Half),,,,,
Status,,,,,,
Vulnerabilities,"Berserk, Confuse, Darkness, KO, Doom, Freeze, Heat, Mini, Petrify, Poison, Silence, Sleep, Slow, Stop, Trouble, Venom",,,,,
Stroper,,,,,,
HP,"1,840",MP,697,Level,21,Location
Exp,2346,AP,2,Gil,915,Iifa Tree
Steal,Common,Soft,Drop,Always,Nothing,
Uncommon,Peridot,Common,Peridot,,,
Semi-Rare,Phoenix Down,Uncommon,Phoenix Down,,,
Rare,Peridot,Rare,Peridot,,,
Type,Stone,Card,,,,
Drop,Mandragora,,,,,
Eat,LV5 Death,,,,,
Elemental,,,,,,
Weaknesses,Fire,,,,,
Elemental,,,,,,
Resistances,None,,,,,
Status,,,,,,
Vulnerabilities,"Darkness, KO, Doom, Freeze, Heat, Mini, Poison, Silence, Sleep, Slow, Stop, Trouble, Venom",,,,,
Zombie (Monster),,,,,,
HP,973,MP,603,Level,19,Location
Exp,1445,AP,2,Gil,708,Iifa Tree
Steal,Common,Magic Tag,Drop,Always,Nothing,
Uncommon,Tent,Common,Magic Tag,,,
Semi-Rare,Nothing,Uncommon,Soft,,,
Rare,Ether,Rare,Nothing,,,
Type,Undead,Card,,,,
Drop,Zombie,,,,,
Eat,Roulette,,,,,
Elemental,,,,,,
Weaknesses,"Fire, Holy",,,,,
Elemental,,,,,,
Resistances,Shadow (Half),,,,,
Status,,,,,,
Vulnerabilities,"Berserk, Confuse, Darkness, KO, Doom, Freeze, Heat, Mini, Petrify, Poison, Silence, Sleep, Slow, Stop, Trouble, Venom",,,,,
Gigan Octopus,,,,,,
HP,"3,584",MP,"1,044",Level,31,Location
Exp,6096,AP,3,Gil,1840,Lost Continent
Steal,Common,Eye Drops,Drop,Always,Nothing,
Uncommon,Phoenix Down,Common,Phoenix Down,,,
Semi-Rare,Nothing,Uncommon,Hi-Potion,,,
Rare,Ether,Rare,Nothing,,,
Type,Aerial,Card,,,,
Drop,Ragtime Mouse,,,,,
Eat,Mighty Guard,,,,,
Elemental,,,,,,
Weaknesses,"Lightning, Wind",,,,,
Elemental,,,,,,
Resistances,"Water (Half), Earth (Nullifies)",,,,,
Status,,,,,,
Vulnerabilities,"Darkness, KO, Doom, Freeze, Heat, Mini, Petrify, Poison, Silence, Sleep, Slow, Stop, Trouble, Venom",,,,,
Vepal [Green],,,,,,
HP,"4,363",MP,"1,188",Level,34,Location
Exp,6434,AP,2,Gil,1270,Lost Continent
Steal,Common,Hi-Potion,Drop,Always,Nothing,
Uncommon,Nothing,Common,Hi-Potion,,,
Semi-Rare,Phoenix Pinion,Uncommon,Echo Screen,,,
Rare,Ether,Rare,Nothing,,,
Type,Aerial,Card,,,,
Drop,Vepal,,,,,
Eat,Aqua Breath,,,,,
Elemental,,,,,,
Weaknesses,"Fire, Wind",,,,,
Elemental,,,,,,
Resistances,"Ice, Earth (Nullifies)",,,,,
Status,,,,,,
Vulnerabilities,"Berserk, Confuse, Darkness, KO, Doom, Freeze, Heat, Mini, Petrify, Poison, Silence, Sleep, Slow, Stop, Trouble, Venom",,,,,
Whale Zombie,,,,,,
HP,"3,730",MP,"1,066",Level,32,Location
Exp,6609,AP,3,Gil,1528,Lost Continent
Steal,Common,Antidote,Drop,Always,Nothing,
Uncommon,Magic Tag,Common,Hi-Potion,,,
Semi-Rare,Nothing,Uncommon,Nothing,,,
Rare,Nothing,Rare,Ether,,,
Type,"Aerial, Undead",Card,,,,
Drop,Cerberus,,,,,
Eat,LV5 Death,,,,,
Elemental,,,,,,
Weaknesses,"Fire, Lightning, Wind, Holy",,,,,
Elemental,,,,,,
Resistances,"Earth (Nullifies); Water, Shadow (Half)",,,,,
Status,,,,,,
Vulnerabilities,"Berserk, Confuse, Darkness, KO, Doom, Freeze, Heat, Mini, Petrify, Poison, Silence, Sleep, Slow, Stop, Trouble, Venom",,,,,
Adamantoise,,,,,,
HP,"3,587",MP,"1,043",Level,31,Location
Exp,5096,AP,3,Gil,4433,Islands
Steal,Common,Tent,Drop,Always,Potion,
Uncommon,Hi-Potion,Common,Hi-Potion,,,
Semi-Rare,Phoenix Down,Uncommon,Echo Screen,,,
Rare,Nothing,Rare,Ether,,,
Type,None,Card,,,,
Drop,Gargant,,,,,
Eat,Earth Shake,,,,,
Elemental,,,,,,
Weaknesses,Lightning,,,,,
Elemental,,,,,,
Resistances,Water (Half),,,,,
Status,,,,,,
Vulnerabilities,"Berserk, Darkness, KO, Doom, Freeze, Heat, Mini, Petrify, Poison, Silence, Sleep, Slow, Stop, Trouble, Venom",,,,,
Antlion [B],,,,,,
HP,"4,522",MP,"1,216",Level,35,Location
Exp,332,AP,1,Gil,54,Kiera Desert
Steal,Common,Annoyntment,Drop,Always,Nothing,
Uncommon,Hi-Potion,Common,Sapphire,,,
Semi-Rare,Nothing,Uncommon,Phoenix Down,,,
Rare,Ether,Rare,Nothing,,,
Type,None,Card,,,,
Drop,Sahagin,,,,,
Eat,Mighty Guard,,,,,
Elemental,,,,,,
Weaknesses,Ice,,,,,
Elemental,,,,,,
Resistances,Water (Absorbs),,,,,
Status,,,,,,
Vulnerabilities,"Darkness, KO, Doom, Freeze, Heat, Mini, Petrify, Poison, Silence, Sleep, Slow, Stop, Trouble, Venom",,,,,
Land Worm,,,,,,
HP,"5,296",MP,997,Level,29,Location
Exp,5151,AP,3,Gil,1316,Kiera Desert
Steal,Common,Ore,Drop,Always,Ore,
Uncommon,Hi-Potion,Common,Hi-Potion,,,
Semi-Rare,Nothing,Uncommon,Phoenix Down,,,
Rare,Phoenix Pinion,Rare,Ether,,,
Type,Bug,Card,,,,
Drop,Wyerd,,,,,
Eat,Matra Magic,,,,,
Elemental,,,,,,
Weaknesses,None,,,,,
Elemental,,,,,,
Resistances,Water (Absorbs),,,,,
Status,,,,,,
Vulnerabilities,"Darkness, KO, Doom, Freeze, Heat, Mini, Petrify, Poison, Silence, Sleep, Slow, Stop, Trouble, Venom",,,,,
Armstrong,,,,,,
HP,"4,204",MP,"1,165",Level,33,Location
Exp,7150,AP,2,Gil,1456,Forgotten Continent
Steal,Common,Ore,Drop,Always,Nothing,
Uncommon,Hi-Potion,Common,Phoenix Down,,,
Semi-Rare,Ether,Uncommon,Soft,,,
Rare,Nothing,Rare,Ether,,,
Type,None,Card,,,,
Drop,Armstrong,,,,,
Eat,Matra Magic,,,,,
Elemental,,,,,,
Weaknesses,None,,,,,
Elemental,,,,,,
Resistances,None,,,,,
Status,,,,,,
Vulnerabilities,"Darkness, KO, Doom, Freeze, Heat, Mini, Petrify, Poison, Silence, Sleep, Slow, Stop, Trouble, Venom",,,,,
Catoblepas,,,,,,
HP,"3,727",MP,"1,069",Level,32,Location
Exp,6609,AP,2,Gil,1421,Forgotten Continent
Steal,Common,Soft,Drop,Always,Nothing,
Uncommon,Hi-Potion,Common,Soft,,,
Semi-Rare,Phoenix Pinion,Uncommon,Hi-Potion,,,
Rare,Ether,Rare,Hi-Potion,,,
Type,Beast,Card,,,,
Drop,Cerberus,,,,,
Eat,Limit Glove,,,,,
Elemental,,,,,,
Weaknesses,None,,,,,
Elemental,,,,,,
Resistances,None,,,,,
Status,,,,,,
Vulnerabilities,"Berserk, Confuse, Darkness, KO, Doom, Freeze, Heat, Mini, Petrify, Poison, Silence, Sleep, Slow, Stop, Trouble, Venom",,,,,
Jabberwock,,,,,,
HP,"3,442",MP,"1,019",Level,30,Location
Exp,4675,AP,2,Gil,1156,Forgotten Continent
Steal,Common,Echo Screen,Drop,Always,Potion,
Uncommon,Hi-Potion,Common,Hi-Potion,,,
Semi-Rare,Nothing,Uncommon,Phoenix Down,,,
Rare,Nothing,Rare,Echo Screen,,,
Type,None,Card,,,,
Drop,Hedgehog Pie,,,,,
Eat,Limit Glove,,,,,
Elemental,,,,,,
Weaknesses,"Lightning, Shadow",,,,,
Elemental,,,,,,
Resistances,"Water, Holy (Half)",,,,,
Status,,,,,,
Vulnerabilities,"Darkness, KO, Doom, Freeze, Heat, Mini, Petrify, Poison, Silence, Sleep, Slow, Stop, Trouble, Venom",,,,,
Epitaph,,,,,,
HP,"3,732",MP,300,Level,32,Location
Exp,0,AP,2,Gil,0,Oeilvert
Steal,Common,Phoenix Down,Drop,Always,Hi-Potion,
Uncommon,Soft,Common,Opal,,,
Semi-Rare,Nothing,Uncommon,Phoenix Down,,,
Rare,Nothing,Rare,Phoenix Down,,,
Type,Stone,Card,,,,
Drop,Blazer Beetle,,,,,
Eat,Angel's Snack,,,,,
Elemental,,,,,,
Weaknesses,None,,,,,
Elemental,,,,,,
Resistances,None,,,,,
Status,,,,,,
Vulnerabilities,"Darkness, KO, Silence, Sleep, Slow",,,,,
Ogre,,,,,,
HP,"3,300",MP,966,Level,29,Location
Exp,5151,AP,2,Gil,1281,Oeilvert
Steal,Common,Annoyntment,Drop,Always,Nothing,
Uncommon,Nothing,Common,Hi-Potion,,,
Semi-Rare,Phoenix Pinion,Uncommon,Phoenix Down,,,
Rare,Ether,Rare,Nothing,,,
Type,None,Card,,,,
Drop,Ogre,,,,,
Eat,Matra Magic,,,,,
Elemental,,,,,,
Weaknesses,None,,,,,
Elemental,,,,,,
Resistances,None,,,,,
Status,,,,,,
Vulnerabilities,"Berserk, Confuse, Darkness, KO, Doom, Freeze, Heat, Mini, Petrify, Poison, Silence, Sleep, Slow, Stop, Trouble, Venom",,,,,
Drakan,,,,,,
HP,"3,292",MP,"1,018",Level,30,Location
Exp,0,AP,0,Gil,0,Desert Palace
Steal,Common,Nothing,Drop,Always,Nothing,
Uncommon,Antidote,Common,Sapphire,,,
Semi-Rare,Nothing,Uncommon,Phoenix Down,,,
Rare,Nothing,Rare,Ether,,,
Type,"Aerial, Demon",Card,,,,
Drop,Stroper,,,,,
Eat,Vanish,,,,,
Elemental,,,,,,
Weaknesses,Wind,,,,,
Elemental,,,,,,
Resistances,Earth (Nullifies),,,,,
Status,,,,,,
Vulnerabilities,"Berserk, Confuse, Darkness, KO, Doom, Freeze, Heat, Mini, Petrify, Poison, Silence, Sleep, Slow, Stop, Trouble, Venom",,,,,
Grimlock,,,,,,
HP,"3,292",MP,"1,018",Level,30,Location
Exp,6610,AP,2,Gil,1363,Desert Palace
Steal,Common,Ore/Hi-Potion,Drop,Always,Nothing/Topaz,
Uncommon,Tent/Nothing,Common,Phoenix Down/,,,
Semi-Rare,Ether/Nothing,Uncommon,Ether/Nothing,,,
Rare,Nothing/Ether,Rare,Nothing,,,
Type,None,Card,,,,
Drop,Grimlock/Troll,,,,,
Eat,Night,,,,,
Elemental,,,,,,
Weaknesses,"Fire, Ice, Lightning",,,,,
Elemental,,,,,,
Resistances,None,,,,,
Status,,,,,,
Vulnerabilities,"Darkness, KO, Doom, Freeze, Heat, Mini, Petrify, Poison, Silence, Sleep, Slow, Stop, Trouble, Venom",,,,,
Torama,,,,,,
HP,"3,292",MP,"1,018",Level,30,Location
Exp,5675,AP,2,Gil,1118,Desert Palace
Steal,Common,Nothing,Drop,Always,Nothing,
Uncommon,Antidote,Common,Amethyst,,,
Semi-Rare,Nothing,Uncommon,Nothing,,,
Rare,Phoenix Pinion,Rare,Nothing,,,
Type,"Beast, Demon",Card,,,,
Drop,Ralvuimago,,,,,
Eat,LV4 Holy,,,,,
Elemental,,,,,,
Weaknesses,Water,,,,,
Elemental,,,,,,
Resistances,Lightning (Absorbs),,,,,
Status,,,,,,
Vulnerabilities,"Darkness, KO, Doom, Freeze, Heat, Mini, Petrify, Poison, Silence, Sleep, Slow, Stop, Trouble, Venom",,,,,
Grenade,,,,,,
HP,"4,685",MP,"1,240",Level,36,Location
Exp,7459,AP,2,Gil,1336,Mt. Gulug
Steal,Common,Ore,Drop,Always,Nothing,
Uncommon,Tent,Common,Peridot,,,
Semi-Rare,Nothing,Uncommon,Phoenix Down,,,
Rare,Ether,Rare,Ether,,,
Type,Aerial,Card,,,,
Drop,Zemzelett,,,,,
Eat,Mustard Bomb,,,,,
Elemental,,,,,,
Weaknesses,"Ice, Wind",,,,,
Elemental,,,,,,
Resistances,Earth (Nullifies); Fire (Half),,,,,
Status,,,,,,
Vulnerabilities,"Darkness, KO, Doom, Freeze, Heat, Mini, Petrify, Poison, Silence, Sleep, Slow, Stop, Trouble, Venom",,,,,
Vepal [Red],,,,,,
HP,"4,022",MP,"1,214",Level,35,Location
Exp,6933,AP,2,Gil,1326,Mt. Gulug
Steal,Common,Hi-Potion,Drop,Always,Nothing,
Uncommon,Nothing,Common,Topaz,,,
Semi-Rare,Phoenix Pinion,Uncommon,Phoenix Down,,,
Rare,Ether,Rare,Nothing,,,
Type,Aerial,Card,,,,
Drop,Vepal,,,,,
Eat,Mustard Bomb,,,,,
Elemental,,,,,,
Weaknesses,"Ice, Wind",,,,,
Elemental,,,,,,
Resistances,"Fire, Earth (Nullifies)",,,,,
Status,,,,,,
Vulnerabilities,"Berserk, Confuse, Darkness, KO, Doom, Freeze, Heat, Mini, Petrify, Poison, Silence, Sleep, Slow, Stop, Trouble, Venom",,,,,
Worm Hydra,,,,,,
HP,"4,846",MP,"1,268",Level,37,Location
Exp,8010,AP,3,Gil,1345,Mt. Gulug
Steal,Common,Hi-Potion,Drop,Always,Nothing,
Uncommon,Antidote,Common,Nothing,,,
Semi-Rare,Nothing,Uncommon,Nothing,,,
Rare,Nothing,Rare,Nothing,,,
Type,Dragon,Card,,,,
Drop,Feather Circle,,,,,
Eat,Bad Breath,,,,,
Elemental,,,,,,
Weaknesses,Ice,,,,,
Elemental,,,,,,
Resistances,Fire (Half),,,,,
Status,,,,,,
Vulnerabilities,"Darkness, KO, Doom, Freeze, Heat, Mini, Petrify, Poison, Silence, Sleep, Slow, Stop, Trouble, Venom",,,,,
Wraith [Blue],,,,,,
HP,"4,686",MP,"1,239",Level,36,Location
Exp,8950,AP,2,Gil,1654,Mt. Gulug
Steal,Common,Ore,Drop,Always,Opal,
Uncommon,Nothing,Common,Nothing,,,
Semi-Rare,Nothing,Uncommon,Echo Screen,,,
Rare,Nothing,Rare,Nothing,,,
Type,"Aerial, Undead",Card,,,,
Drop,Zuu,,,,,
Eat,Frost,,,,,
Elemental,,,,,,
Weaknesses,"Fire, Wind, Holy",,,,,
Elemental,,,,,,
Resistances,"Earth (Nullifies); Ice, Shadow (Half)",,,,,
Status,,,,,,
Vulnerabilities,"Darkness, KO, Doom, Freeze, Heat, Mini, Petrify, Poison, Silence, Sleep, Slow, Stop, Trouble, Venom",,,,,
Wraith [Red],,,,,,
HP,"4,846",MP,"1,268",Level,37,Location
Exp,8010,AP,2,Gil,1345,Mt. Gulug
Steal,Common,Topaz,Drop,Always,Nothing,
Uncommon,Hi-Potion,Common,Topaz,,,
Semi-Rare,Phoenix Pinion,Uncommon,Hi-Potion,,,
Rare,Nothing,Rare,Ether,,,
Type,"Aerial, Undead",Card,,,,
Drop,Wraith,,,,,
Eat,Mustard Bomb,,,,,
Elemental,,,,,,
Weaknesses,"Ice, Wind, Holy",,,,,
Elemental,,,,,,
Resistances,"Earth (Nullifies); Fire, Shadow (Half)",,,,,
Status,,,,,,
Vulnerabilities,"Darkness, KO, Doom, Freeze, Heat, Mini, Petrify, Poison, Silence, Sleep, Slow, Stop, Trouble, Venom",,,,,
Gimme Cat,,,,,,
HP,"4,683",MP,"1,240",Level,36,Location
Exp,4,AP,3,Gil,5000,Daguerreo Area
Steal,Common,Echo Screen,Drop,Always,Nothing,
Uncommon,Tent,Common,Nothing,,,
Semi-Rare,Nothing,Uncommon,Phoenix Down,,,
Rare,Ether,Rare,Ether,,,
Type,None,Card,,,,
Drop,Gimme Cat,,,,,
Eat,Auto-Life,,,,,
Elemental,,,,,,
Weaknesses,None,,,,,
Elemental,,,,,,
Resistances,All Elements (Absorbs),,,,,
Status,,,,,,
Vulnerabilities,"Darkness, KO, Doom, Freeze, Heat, Mini, Petrify, Poison, Silence, Sleep, Slow, Stop, Trouble, Venom",,,,,
Yan,,,,,,
HP,"19,465",MP,"3,378",Level,72,Location
Exp,42673,AP,~3,Gil,2218,Vile Island
Steal,Common,Ore,Drop,Always,Phoenix Down,
Uncommon,Nothing,Common,Hi-Potion,,,
Semi-Rare,Nothing,Uncommon,Ether,,,
Rare,Elixir,Rare,Nothing,,,
Type,None,Card,,,,
Drop,Zemzelett,,,,,
Eat,Auto-Life,,,,,
Elemental,,,,,,
Weaknesses,Shadow,,,,,
Elemental,,,,,,
Resistances,Holy (Half),,,,,
Status,,,,,,
Vulnerabilities,"Darkness, KO, Doom, Freeze, Heat, Mini, Petrify, Poison, Sleep, Slow, Stop, Trouble, Venom",,,,,
Agares,,,,,,
HP,"6,775",MP,"1,596",Level,43,Location
Exp,14279,AP,3,Gil,1945,Ipsen's Castle
Steal,Common,Tent,Drop,Always,Nothing,
Uncommon,Soft,Common,Amethyst,,,
Semi-Rare,Ore,Uncommon,Phoenix Down,,,
Rare,Nothing,Rare,Ether,,,
Type,Demon,Card,,,,
Drop,Ragtime Mouse,,,,,
Eat,Taste bad!,,,,,
Elemental,,,,,,
Weaknesses,None,,,,,
Elemental,,,,,,
Resistances,None,,,,,
Status,,,,,,
Vulnerabilities,"Darkness, KO, Doom, Freeze, Heat, Mini, Petrify, Poison, Silence, Sleep, Slow, Stop, Trouble, Venom",,,,,
Cerberus,,,,,,
HP,"6,977",MP,"1,623",Level,44,Location
Exp,15181,AP,3,Gil,1984,Ipsen's Castle
Steal,Common,Ore,Drop,Always,Nothing,
Uncommon,Tent,Common,Opal,,,
Semi-Rare,Nothing,Uncommon,Ether,,,
Rare,Ether,Rare,Opal,,,
Type,Beast,Card,,,,
Drop,Cerberus,,,,,
Eat,Auto-Life,,,,,
Elemental,,,,,,
Weaknesses,None,,,,,
Elemental,,,,,,
Resistances,None,,,,,
Status,,,,,,
Vulnerabilities,"Berserk, Confuse, Darkness, KO, Doom, Freeze, Heat, Mini, Petrify, Poison, Silence, Sleep, Slow, Stop, Trouble, Venom",,,,,
Gargoyle,,,,,,
HP,"6,977",MP,"1,628",Level,44,Location
Exp,15181,AP,3,Gil,1958,Ipsen's Castle
Steal,Common,Hi-Potion,Drop,Always,Nothing,
Uncommon,Tent,Common,Sapphire,,,
Semi-Rare,Phoenix Pinion,Uncommon,Phoenix Down,,,
Rare,Ether,Rare,Nothing,,,
Type,"Stone, Aerial",Card,,,,
Drop,Gargoyle,,,,,
Eat,Mighty Guard,,,,,
Elemental,,,,,,
Weaknesses,Wind,,,,,
Elemental,,,,,,
Resistances,Earth (Nullifies),,,,,
Status,,,,,,
Vulnerabilities,"Darkness, KO, Silence, Sleep, Slow",,,,,
Tonberry,,,,,,
HP,"7,887",MP,"1,779",Level,46,Location
Exp,13297,AP,4,Gil,1513,Ipsen's Castle
Steal,Common,Hi-Potion,Drop,Always,Nothing,
Uncommon,Phoenix Down,Common,Peridot,,,
Semi-Rare,Phoenix Pinion,Uncommon,Nothing,,,
Rare,Ether,Rare,Ether,,,
Type,None,Card,,,,
Drop,Tonberry,,,,,
Eat,Taste bad!,,,,,
Elemental,,,,,,
Weaknesses,None,,,,,
Elemental,,,,,,
Resistances,None,,,,,
Status,,,,,,
Vulnerabilities,None,,,,,
Veteran,,,,,,
HP,"6,972",MP,"1,672",Level,44,Location
Exp,15181,AP,3,Gil,1971,Ipsen's Castle
Steal,Common,Hi-Potion,Drop,Always,Topaz,
Uncommon,Ether,Common,Phoenix Down,,,
Semi-Rare,Phoenix Pinion,Uncommon,Ether,,,
Rare,Nothing,Rare,Nothing,,,
Type,"Aerial, Demon",Card,,,,
Drop,Veteran,,,,,
Eat,Doom,,,,,
Elemental,,,,,,
Weaknesses,"Wind, Water, Holy",,,,,
Elemental,,,,,,
Resistances,"Earth (Nullifies); Lightning, Shadow (Half)",,,,,
Status,,,,,,
Vulnerabilities,"Berserk, Confuse, Darkness, KO, Doom, Freeze, Heat, Mini, Petrify, Poison, Silence, Sleep, Slow, Stop, Trouble, Venom",,,,,
Hecteyes,,,,,,
HP,"9,567",MP,"2,033",Level,51,Location
Exp,17096,AP,3,Gil,2049,Terra
Steal,Common,Hi-Potion,Drop,Always,Nothing,
Uncommon,Vaccine,Common,Phoenix Down,,,
Semi-Rare,Phoenix Pinion,Uncommon,Vaccine,,,
Rare,Nothing,Rare,Ether,,,
Type,"Demon, Undead",Card,,,,
Drop,Hecteyes,,,,,
Eat,Roulette,,,,,
Elemental,,,,,,
Weaknesses,"Fire, Holy",,,,,
Elemental,,,,,,
Resistances,Shadow (Half),,,,,
Status,,,,,,
Vulnerabilities,"Darkness, KO, Doom, Freeze, Heat, Mini, Petrify, Poison, Silence, Sleep, Slow, Stop, Trouble, Venom",,,,,
Mover [Left],,,,,,
HP,"7,353",MP,"2,062",Level,52,Location
Exp,23801,AP,3,Gil,2300,Terra
Steal,Common,Opal,Drop,Always,Opal,
Uncommon,Vaccine,Common,Phoenix Down,,,
Semi-Rare,Tent,Uncommon,Vaccine,,,
Rare,Nothing,Rare,Ether,,,
Type,Aerial,Card,,,,
Drop,Mover,,,,,
Eat,Taste bad!,,,,,
Elemental,,,,,,
Weaknesses,"Fire, Ice, Lightning, Wind, Water, Holy, Shadow",,,,,
Elemental,,,,,,
Resistances,Earth (Nullifies),,,,,
Status,,,,,,
Vulnerabilities,None,,,,,
Mover [Middle],,,,,,
HP,"7,353",MP,"2,064",Level,52,Location
Exp,23801,AP,3,Gil,2300,Terra
Steal,Common,Opal,Drop,Always,Opal,
Uncommon,Vaccine,Common,Phoenix Down,,,
Semi-Rare,Tent,Uncommon,Vaccine,,,
Rare,Nothing,Rare,Ether,,,
Type,Aerial,Card,,,,
Drop,Mover,,,,,
Eat,Taste bad!,,,,,
Elemental,,,,,,
Weaknesses,"Fire, Ice, Lightning, Wind, Water, Holy, Shadow",,,,,
Elemental,,,,,,
Resistances,Earth (Nullifies),,,,,
Status,,,,,,
Vulnerabilities,None,,,,,
Mover [Right],,,,,,
HP,"3,677",MP,"2,065",Level,52,Location
Exp,23801,AP,3,Gil,2300,Terra
Steal,Common,Opal,Drop,Always,Opal,
Uncommon,Vaccine,Common,Phoenix Down,,,
Semi-Rare,Tent,Uncommon,Vaccine,,,
Rare,Nothing,Rare,Ether,,,
Type,Aerial,Card,,,,
Drop,Mover,,,,,
Eat,Taste bad!,,,,,
Elemental,,,,,,
Weaknesses,"Fire, Ice, Lightning, Wind, Water, Holy, Shadow",,,,,
Elemental,,,,,,
Resistances,Earth (Nullifies),,,,,
Status,,,,,,
Vulnerabilities,None,,,,,
Ring Leader,,,,,,
HP,"9,569",MP,"2,030",Level,51,Location
Exp,18816,AP,2,Gil,1868,Terra
Steal,Common,Echo Screen,Drop,Always,Nothing,
Uncommon,Vaccine,Common,Amethyst,,,
Semi-Rare,Nothing,Uncommon,Eye Drops,,,
Rare,Nothing,Rare,Nothing,,,
Type,"Aerial, Demon",Card,,,,
Drop,Ifrit,,,,,
Eat,Magic Hammer,,,,,
Elemental,,,,,,
Weaknesses,Wind,,,,,
Elemental,,,,,,
Resistances,Earth (Nullifies),,,,,
Status,,,,,,
Vulnerabilities,"Darkness, KO, Doom, Freeze, Heat, Mini, Petrify, Poison, Silence, Sleep, Slow, Stop, Trouble, Venom",,,,,
Abadon [B],,,,,,
HP,"12,658",MP,"2,479",Level,58,Location
Exp,32073,AP,4,Gil,2604,Pandemonium
Steal,Common,Garnet,Drop,Always,Nothing,
Uncommon,Vaccine,Common,Garnet,,,
Semi-Rare,Phoenix Pinion,Uncommon,Vaccine,,,
Rare,Phoenix Pinion,Rare,Nothing,,,
Type,"Aerial, Bug",Card,,,,
Drop,Abadon,,,,,
Eat,Twister,,,,,
Elemental,,,,,,
Weaknesses,Wind,,,,,
Elemental,,,,,,
Resistances,Earth (Nullifies),,,,,
Status,,,,,,
Vulnerabilities,"Berserk, Confuse, Darkness, KO, Doom, Freeze, Heat, Petrify, Poison, Silence, Sleep, Slow, Stop, Trouble, Venom",,,,,
Malboro,,,,,,
HP,"11,687",MP,"2,334",Level,57,Location
Exp,30579,AP,3,Gil,2572,Pandemonium
Steal,Common,Ore,Drop,Always,Ore,
Uncommon,Vaccine,Common,Nothing,,,
Semi-Rare,Nothing,Uncommon,Nothing,,,
Rare,Nothing,Rare,Ether,,,
Type,None,Card,,,,
Drop,Malboro,,,,,
Eat,Bad Breath,,,,,
Elemental,,,,,,
Weaknesses,None,,,,,
Elemental,,,,,,
Resistances,None,,,,,
Status,,,,,,
Vulnerabilities,"Darkness, KO, Doom, Freeze, Heat, Mini, Petrify, Poison, Silence, Sleep, Slow, Stop, Trouble, Venom",,,,,
Shell Dragon [B],,,,,,
HP,"12,661",MP,"2,482",Level,58,Location
Exp,32073,AP,4,Gil,2588,Pandemonium
Steal,Common,Hi-Potion,Drop,Always,Ore,
Uncommon,Vaccine,Common,Topaz,,,
Semi-Rare,Tent,Uncommon,Nothing,,,
Rare,Phoenix Pinion,Rare,Ether,,,
Type,Dragon,Card,,,,
Drop,Garuda,,,,,
Eat,Earth Shake,,,,,
Elemental,,,,,,
Weaknesses,Ice,,,,,
Elemental,,,,,,
Resistances,None,,,,,
Status,,,,,,
Vulnerabilities,"Darkness, KO, Doom, Freeze, Heat, Mini, Petrify, Poison, Silence, Sleep, Slow, Stop, Trouble, Venom",,,,,
Ash,,,,,,
HP,"21,591",MP,"3,014",Level,66,Location
Exp,40329,AP,4,Gil,2748,Memoria
Steal,Common,Tent,Drop,Always,Hi-Potion,
Uncommon,Tent,Common,Lapis Lazuli,,,
Semi-Rare,Tent,Uncommon,Vaccine,,,
Rare,Tent,Rare,Ether,,,
Type,"Aerial, Demon",Card,,,,
Drop,Ash,,,,,
Eat,Doom,,,,,
Elemental,,,,,,
Weaknesses,Wind,,,,,
Elemental,,,,,,
Resistances,Earth (Nullifies),,,,,
Status,,,,,,
Vulnerabilities,"Darkness, KO, Doom, Freeze, Heat, Mini, Petrify, Poison, Silence, Sleep, Slow, Stop, Trouble, Venom",,,,,
Behemoth [B],,,,,,
HP,"24,123",MP,"3,338",Level,71,Location
Exp,53168,AP,4,Gil,2764,Memoria
Steal,Common,Phoenix Pinion,Drop,Always,Phoenix Down,
Uncommon,Phoenix Pinion,Common,Lapis Lazuli,,,
Semi-Rare,Phoenix Pinion,Uncommon,Echo Screen,,,
Rare,Phoenix Pinion,Rare,Ether,,,
Type,Beast,Card,,,,
Drop,Ogre,,,,,
Eat,Angel's Snack,,,,,
Elemental,,,,,,
Weaknesses,Ice,,,,,
Elemental,,,,,,
Resistances,None,,,,,
Status,,,,,,
Vulnerabilities,"Berserk, Confuse, Darkness, KO, Doom, Freeze, Heat, Mini, Petrify, Poison, Silence, Sleep, Slow, Stop, Trouble, Venom",,,,,
Chimera,,,,,,
HP,"21,901",MP,"3,053",Level,67,Location
Exp,42785,AP,4,Gil,2732,Memoria
Steal,Common,Vaccine,Drop,Always,Phoenix Down,
Uncommon,Garnet,Common,Antidote,,,
Semi-Rare,Remedy,Uncommon,Vaccine,,,
Rare,Remedy,Rare,Nothing,,,
Type,Demon,Card,,,,
Drop,Ash,,,,,
Eat,Frost,,,,,
Elemental,,,,,,
Weaknesses,Ice,,,,,
Elemental,,,,,,
Resistances,None,,,,,
Status,,,,,,
Vulnerabilities,"Darkness, KO, Doom, Freeze, Heat, Mini, Petrify, Poison, Silence, Sleep, Slow, Stop, Trouble, Venom",,,,,
Iron Man,,,,,,
HP,"21,217",MP,"3,091",Level,68,Location
Exp,42996,AP,4,Gil,2796,Memoria
Steal,Common,Phoenix Down,Drop,Always,Phoenix Down,
Uncommon,Phoenix Down,Common,Sapphire,,,
Semi-Rare,Phoenix Down,Uncommon,Phoenix Down,,,
Rare,Phoenix Down,Rare,Nothing,,,
Type,"Demon, Human",Card,,,,
Drop,Abadon,,,,,
Eat,Taste bad!,,,,,
Elemental,,,,,,
Weaknesses,Lightning,,,,,
Elemental,,,,,,
Resistances,None,,,,,
Status,,,,,,
Vulnerabilities,"Berserk, Confuse, Darkness, KO, Doom, Freeze, Heat, Mini, Petrify, Poison, Silence, Sleep, Slow, Stop, Trouble, Venom",,,,,
Kraken [B],,,,,,
HP,"23,354",MP,"3,381",Level,72,Location
Exp,0,AP,7,Gil,4338,Memoria
Steal,Common,Annoyntment,Drop,Always,Remedy,
Uncommon,Annoyntment,Common,Annoyntment,,,
Semi-Rare,Eye Drops,Uncommon,Amethyst,,,
Rare,Annoyntment,Rare,Elixir,,,
Type,Demon,Card,,,,
Drop,Veteran,,,,,
Eat,Frost,,,,,
Elemental,,,,,,
Weaknesses,Lightning,,,,,
Elemental,,,,,,
Resistances,Water (Absorb); Ice (Half),,,,,
Status,,,,,,
Vulnerabilities,"Berserk, Confuse, Darkness, KO, Doom, Heat, Mini, Petrify, Poison, Silence, Slow, Stop, Trouble, Venom",,,,,
Lich [B],,,,,,
HP,"22,218",MP,"3,091",Level,68,Location
Exp,0,AP,7,Gil,2828,Memoria
Steal,Common,Ore,Drop,Always,Tent,
Uncommon,Ore,Common,Topaz,,,
Semi-Rare,Ore,Uncommon,Ether,,,
Rare,Ore,Rare,Elixir,,,
Type,Demon,Card,,,,
Drop,Wraith,,,,,
Eat,LV5 Death,,,,,
Elemental,,,,,,
Weaknesses,"Fire, Wind, Holy",,,,,
Elemental,,,,,,
Resistances,Earth (Absorbs); Shadow (Half),,,,,
Status,,,,,,
Vulnerabilities,"Berserk, Darkness, KO, Doom, Freeze, Heat, Mini, Petrify, Poison, Silence, Sleep, Stop, Trouble, Venom",,,,,
Maliris [B],,,,,,
HP,"22,535",MP,"3,127",Level,69,Location
Exp,0,AP,7,Gil,2860,Memoria
Steal,Common,Phoenix Down,Drop,Always,Phoenix Down,
Uncommon,Phoenix Down,Common,Opal,,,
Semi-Rare,Phoenix Pinion,Uncommon,Ether,,,
Rare,Phoenix Pinion,Rare,Elixir,,,
Type,Demon,Card,,,,
Drop,Ifrit,,,,,
Eat,Mustard Bomb,,,,,
Elemental,,,,,,
Weaknesses,Ice,,,,,
Elemental,,,,,,
Resistances,Fire (Absorbs),,,,,
Status,,,,,,
Vulnerabilities,"Berserk, KO, Doom, Freeze, Mini, Petrify, Poison, Silence, Sleep, Slow, Stop, Trouble, Venom",,,,,
Stilva,,,,,,
HP,"21,906",MP,"3,053",Level,67,Location
Exp,42785,AP,4,Gil,2785,Memoria
Steal,Common,Ether,Drop,Always,Tent,
Uncommon,Ether,Common,Garnet,,,
Semi-Rare,Ether,Uncommon,Antidote,,,
Rare,Ether,Rare,Tent,,,
Type,Demon,Card,,,,
Drop,Vepal,,,,,
Eat,Auto-Life,,,,,
Elemental,,,,,,
Weaknesses,Water,,,,,
Elemental,,,,,,
Resistances,None,,,,,
Status,,,,,,
Vulnerabilities,"Berserk, Darkness, KO, Doom, Freeze, Heat, Mini, Petrify, Poison, Silence, Sleep, Slow, Stop, Trouble, Venom",,,,,
Tiamat [B],,,,,,
HP,"24,127",MP,"3,338",Level,71,Location
Exp,0,AP,7,Gil,2956,Memoria
Steal,Common,Ether,Drop,Always,Remedy,
Uncommon,Ether,Common,Peridot,,,
Semi-Rare,Wing Edge,Uncommon,Phoenix Down,,,
Rare,Wing Edge,Rare,Echo Screen,,,
Type,Dragon,Card,,,,
Drop,Garuda,,,,,
Eat,Twister,,,,,
Elemental,,,,,,
Weaknesses,Ice,,,,,
Elemental,,,,,,
Resistances,Wind (Absorbs),,,,,
Status,,,,,,
Vulnerabilities,"Berserk, Darkness, KO, Doom, Freeze, Heat, Mini, Petrify, Poison, Silence, Sleep, Slow, Stop, Trouble, Venom",,,,,