name,level,hp,mp,strength,defense,evade,magic,magic defense,magic evade,attack power,spirit,speed,exp,gil,fire,ice,thunder,water,wind,earth,holy,shadow,healing,petrify,venom,virus,silence,darkness,trouble,zombie,death,confuse,berserk,stop,auto-life,poison,sleep,regen,haste,slow,float,shell,protect,heat,freeze,vanish,doom,mini,reflect,gradual petrify,eat,steal,item dropped,card dropped,abilities,eats,scan,gravity,type,location

Masked Man (boss),1,188,223,9,10,2,8,10,3,8,10,19,0,805,Normal (100%),Normal (100%),Normal (100%),Normal (100%),Normal (100%),Normal (100%),Normal (100%),Normal (100%),MissingEntry,Immune,Immune,Immune,Immune,Immune,Immune,Immune,MissingEntry,Immune,Immune,Immune,Immune,Immune,Immune,Immune,Immune,Immune,Immune,Immune,Immune,Immune,Immune,Immune,Immune,Immune,Immune,Immune,MissingEntry,MissingEntry,MissingEntry,MissingEntry,"Get Some!, Gwahaha!, Oww!, ARGHHH!",MissingEntry,MissingEntry,MissingEntry,MissingEntry,MissingEntry

King Leo (Final Fantasy IX),1,186,373,9,10,2,8,10,3,8,10,19,0,0,Normal (100%),Normal (100%),Normal (100%),Normal (100%),Normal (100%),Normal (100%),Normal (100%),Normal (100%),MissingEntry,Immune,Immune,Immune,Immune,Immune,Immune,Immune,MissingEntry,Immune,Immune,Immune,Immune,Immune,Immune,Immune,Immune,Immune,Immune,Immune,Immune,Immune,Immune,Immune,Immune,Immune,Immune,Immune,MissingEntry,MissingEntry,MissingEntry,MissingEntry,"Taste steel!, Poly, Clamp Pinch, Pyro, Clamp Pinch",MissingEntry,MissingEntry,MissingEntry,MissingEntry,MissingEntry

Zenero (boss),1,32,149,7,10,2,7,10,3,8,10,19,0,0,Normal (100%),Normal (100%),Normal (100%),Normal (100%),Normal (100%),Normal (100%),Normal (100%),Normal (100%),MissingEntry,Immune,Immune,Immune,Immune,Immune,Immune,Immune,MissingEntry,Immune,Immune,Immune,Immune,Immune,Immune,Immune,Immune,Immune,Immune,Immune,Immune,Immune,Immune,Immune,Immune,Immune,Immune,Immune,MissingEntry,MissingEntry,MissingEntry,MissingEntry,"Clamp Pinch, Pyro",MissingEntry,MissingEntry,MissingEntry,MissingEntry,MissingEntry

Benero (boss),1,28,149,7,10,2,7,10,3,8,10,19,0,0,Normal (100%),Normal (100%),Normal (100%),Normal (100%),Normal (100%),Normal (100%),Normal (100%),Normal (100%),MissingEntry,Immune,Immune,Immune,Immune,Immune,Immune,Immune,MissingEntry,Immune,Immune,Immune,Immune,Immune,Immune,Immune,Immune,Immune,Immune,Immune,Immune,Immune,Immune,Immune,Immune,Immune,Immune,Immune,MissingEntry,MissingEntry,MissingEntry,MissingEntry,"Clamp Pinch, Pyro",MissingEntry,MissingEntry,MissingEntry,MissingEntry,MissingEntry

Steiner (boss),1,169,523,6,10,2,8,10,3,8,10,19,0,0,Normal (100%),Normal (100%),Normal (100%),Normal (100%),Normal (100%),Normal (100%),Normal (100%),Normal (100%),MissingEntry,Immune,Immune,Immune,Immune,Immune,Immune,Immune,MissingEntry,Immune,Immune,Immune,Immune,Immune,Immune,Immune,Immune,Immune,Immune,Immune,Immune,Immune,Immune,Immune,Immune,Immune,Immune,Immune,MissingEntry,MissingEntry,MissingEntry,MissingEntry,"Attack, Moonlight Slash",MissingEntry,MissingEntry,MissingEntry,MissingEntry,MissingEntry

Steiner (boss),1,167,620,8,10,2,8,10,3,8,10,19,0,355,Normal (100%),Normal (100%),Normal (100%),Normal (100%),Normal (100%),Normal (100%),Normal (100%),Normal (100%),MissingEntry,Immune,Immune,Immune,Immune,Immune,Immune,Immune,MissingEntry,Immune,Immune,Immune,Immune,Immune,Immune,Immune,Immune,Immune,Immune,Immune,Immune,Immune,Immune,Immune,Immune,Immune,Immune,Immune,MissingEntry,MissingEntry,MissingEntry,MissingEntry,Attack,MissingEntry,MissingEntry,MissingEntry,MissingEntry,MissingEntry

Steiner (boss),1,162,770,8,10,1,8,10,1,8,10,20,0,0,Normal (100%),Normal (100%),Normal (100%),Normal (100%),Normal (100%),Normal (100%),Normal (100%),Normal (100%),MissingEntry,Immune,Immune,Immune,Immune,Immune,Immune,Immune,MissingEntry,Immune,Immune,Immune,Immune,Immune,Immune,Immune,Immune,Immune,Immune,Immune,Immune,Immune,Immune,Immune,Immune,Immune,Immune,Immune,MissingEntry,MissingEntry,MissingEntry,MissingEntry,"Attack, Freaked out",MissingEntry,MissingEntry,MissingEntry,MissingEntry,MissingEntry

Haagen (boss),1,33,673,8,10,2,8,10,3,8,10,19,0,72,Normal (100%),Normal (100%),Normal (100%),Normal (100%),Normal (100%),Normal (100%),Normal (100%),Normal (100%),MissingEntry,Immune,Immune,Immune,Immune,Immune,Immune,Immune,MissingEntry,Immune,Immune,Immune,Immune,Immune,Immune,Immune,Immune,Immune,Immune,Immune,Immune,Immune,Immune,Immune,Immune,Immune,Immune,Immune,MissingEntry,MissingEntry,MissingEntry,MissingEntry,Slash,MissingEntry,MissingEntry,MissingEntry,MissingEntry,MissingEntry

Weimar (boss),1,38,721,8,10,2,8,10,3,8,10,19,0,73,Normal (100%),Normal (100%),Normal (100%),Normal (100%),Normal (100%),Normal (100%),Normal (100%),Normal (100%),MissingEntry,Immune,Immune,Immune,Immune,Immune,Immune,Immune,MissingEntry,Immune,Immune,Immune,Immune,Immune,Immune,Immune,Immune,Immune,Immune,Immune,Immune,Immune,Immune,Immune,Immune,Immune,Immune,Immune,MissingEntry,MissingEntry,MissingEntry,MissingEntry,Slash,MissingEntry,MissingEntry,MissingEntry,MissingEntry,MissingEntry

Goblin (Final Fantasy IX),5,33,172,8,10,2,8,10,3,8,10,19,23,88,Weak (150%),Normal (100%),Normal (100%),Normal (100%),Normal (100%),Normal (100%),Normal (100%),Normal (100%),MissingEntry,-,-,Immune,-,-,-,-,MissingEntry,-,-,-,Immune,-,-,-,-,-,-,-,-,-,-,-,-,-,-,-,MissingEntry,MissingEntry,MissingEntry,MissingEntry,"Knife, Goblin Punch",MissingEntry,MissingEntry,MissingEntry,MissingEntry,MissingEntry

Fang (Final Fantasy IX enemy),1,68,170,8,10,2,8,10,3,8,10,19,23,90,Weak (150%),Normal (100%),Normal (100%),Normal (100%),Normal (100%),Normal (100%),Normal (100%),Normal (100%),MissingEntry,-,-,Immune,-,-,-,-,MissingEntry,-,-,-,Immune,-,-,-,-,-,-,-,-,-,-,Immune,-,-,-,-,MissingEntry,MissingEntry,MissingEntry,MissingEntry,"Rush, Fang",MissingEntry,MissingEntry,MissingEntry,MissingEntry,MissingEntry

Fang (Final Fantasy IX enemy),5,216,253,9,10,2,9,10,3,12,12,20,0,0,Weak (150%),Normal (100%),Normal (100%),Normal (100%),Normal (100%),Normal (100%),Normal (100%),Normal (100%),MissingEntry,-,-,Immune,-,-,-,-,MissingEntry,-,-,-,Immune,-,-,-,-,-,-,-,-,-,-,Immune,-,-,-,-,MissingEntry,MissingEntry,MissingEntry,MissingEntry,"Rush, Fang",MissingEntry,MissingEntry,MissingEntry,MissingEntry,MissingEntry

Prison Cage,2,513,"1,083",9,10,2,8,10,3,9,10,49,0,0,Weak (150%),Normal (100%),Normal (100%),Normal (100%),Normal (100%),Normal (100%),Normal (100%),Normal (100%),MissingEntry,Immune,Immune,Immune,Immune,Immune,Immune,Immune,MissingEntry,Immune,Immune,Immune,Immune,Immune,Immune,Immune,Immune,Immune,Immune,Immune,Immune,Immune,Immune,Immune,Immune,Immune,Immune,Immune,MissingEntry,MissingEntry,MissingEntry,MissingEntry,"Right Stem, Left Stem, Absorb",MissingEntry,MissingEntry,MissingEntry,MissingEntry,MissingEntry

Prison Cage,2,533,"1,186",8,10,2,8,8,3,9,10,29,0,436,Weak (150%),Normal (100%),Normal (100%),Normal (100%),Normal (100%),Normal (100%),Normal (100%),Normal (100%),MissingEntry,Immune,Immune,Immune,Immune,Immune,Immune,Immune,MissingEntry,Immune,Immune,Immune,Immune,Immune,Immune,Immune,Immune,Immune,Immune,Immune,Immune,Immune,Immune,Immune,Immune,Immune,Immune,Immune,MissingEntry,MissingEntry,MissingEntry,MissingEntry,"Right Stem, Left Stem, Absorb",MissingEntry,MissingEntry,MissingEntry,MissingEntry,MissingEntry

Garnet (boss),2,68,"1,135",8,10,2,8,10,3,9,10,19,0,0,Normal (100%),Normal (100%),Normal (100%),Normal (100%),Normal (100%),Normal (100%),Normal (100%),Normal (100%),MissingEntry,Immune,Immune,Immune,Immune,Immune,Immune,Immune,MissingEntry,Immune,Immune,Immune,Immune,Immune,Immune,Immune,Immune,Immune,Immune,Immune,Immune,Immune,Immune,Immune,Immune,Immune,Immune,Immune,MissingEntry,MissingEntry,MissingEntry,MissingEntry,None,MissingEntry,MissingEntry,MissingEntry,MissingEntry,MissingEntry

Vivi (boss),2,67,"1,651",8,10,2,26,10,3,9,10,19,0,0,Normal (100%),Normal (100%),Normal (100%),Normal (100%),Normal (100%),Normal (100%),Normal (100%),Normal (100%),MissingEntry,Immune,Immune,Immune,Immune,Immune,Immune,Immune,MissingEntry,Immune,Immune,Immune,Immune,Immune,Immune,Immune,Immune,Immune,Immune,Immune,Immune,Immune,Immune,Immune,Immune,Immune,Immune,Immune,MissingEntry,MissingEntry,MissingEntry,MissingEntry,Fire,MissingEntry,MissingEntry,MissingEntry,MissingEntry,MissingEntry

Baku (boss),2,202,"1,285",8,10,2,8,10,3,9,10,19,0,0,Weak (150%),Normal (100%),Normal (100%),Normal (100%),Normal (100%),Normal (100%),Normal (100%),Normal (100%),MissingEntry,Immune,Immune,Immune,Immune,Immune,Immune,Immune,MissingEntry,Immune,Immune,Immune,Immune,Immune,Immune,Immune,-,-,Immune,-,-,Immune,Immune,Immune,Immune,Immune,-,Immune,MissingEntry,MissingEntry,MissingEntry,MissingEntry,"Rrragh!, Gwahaha!, YEOWWW!, ARGHHH!, ""Alright, I think you've had enough.""",MissingEntry,MissingEntry,MissingEntry,MissingEntry,MissingEntry

Dendrobium (Final Fantasy IX),2,174,186,8,10,2,8,10,3,9,10,19,39,99,Weak (150%),Normal (100%),Normal (100%),Normal (100%),Weak (150%),Immune (0%),Normal (100%),Normal (100%),MissingEntry,-,-,Immune,-,-,-,-,MissingEntry,Immune,Immune,-,Immune,-,-,-,-,-,Immune,-,-,-,-,Immune,-,-,-,-,MissingEntry,MissingEntry,MissingEntry,MissingEntry,"Wind, Pollen",MissingEntry,MissingEntry,MissingEntry,MissingEntry,MissingEntry

Plant Brain,7,916,"1,431",9,10,2,9,10,3,15,13,20,0,468,Weak (150%),Normal (100%),Normal (100%),Normal (100%),Normal (100%),Normal (100%),Normal (100%),Normal (100%),MissingEntry,Immune,Immune,Immune,-,-,Immune,Immune,MissingEntry,Immune,-,Immune,Immune,Immune,-,Immune,-,-,Immune,-,-,Immune,Immune,Immune,Immune,Immune,-,Immune,MissingEntry,MissingEntry,MissingEntry,MissingEntry,"Right Tentacle, Thunder, Pollen, Left Tentacle, Thunder",MissingEntry,MissingEntry,MissingEntry,MissingEntry,MissingEntry

Plant Spider (Final Fantasy IX),1,33,173,7,10,2,8,10,3,8,10,19,22,91,Weak (150%),Normal (100%),Normal (100%),Normal (100%),Normal (100%),Normal (100%),Normal (100%),Normal (100%),MissingEntry,-,-,Immune,-,-,-,-,MissingEntry,-,-,-,Immune,-,-,-,-,-,-,-,-,-,-,Immune,-,-,-,-,MissingEntry,MissingEntry,MissingEntry,MissingEntry,"Tentacle, Thunder",MissingEntry,MissingEntry,MissingEntry,MissingEntry,MissingEntry

Mu (Final Fantasy IX),2,77,183,8,10,2,8,10,3,9,10,19,34,104,Normal (100%),Normal (100%),Normal (100%),Normal (100%),Normal (100%),Normal (100%),Normal (100%),Normal (100%),MissingEntry,-,-,Immune,-,-,-,-,MissingEntry,-,-,-,Immune,-,-,-,-,-,-,-,-,-,-,Immune,-,-,-,-,MissingEntry,MissingEntry,MissingEntry,MissingEntry,"Tail, Stone",MissingEntry,MissingEntry,MissingEntry,MissingEntry,MissingEntry

Mu (Final Fantasy IX),5,201,253,9,10,2,9,10,3,12,12,20,0,0,Normal (100%),Normal (100%),Normal (100%),Normal (100%),Normal (100%),Normal (100%),Half,Weak (150%),MissingEntry,-,-,Immune,-,-,-,-,MissingEntry,-,-,-,Immune,-,-,-,-,-,-,-,-,-,-,Immune,-,-,-,-,MissingEntry,MissingEntry,MissingEntry,MissingEntry,"Tail, Stone",MissingEntry,MissingEntry,MissingEntry,MissingEntry,MissingEntry

Mu (Final Fantasy IX),2,78,186,8,10,2,8,10,3,9,10,19,0,0,Normal (100%),Normal (100%),Normal (100%),Normal (100%),Normal (100%),Normal (100%),Half,Weak (150%),MissingEntry,Immune,Immune,Immune,-,-,Immune,Immune,MissingEntry,Immune,Immune,Immune,Immune,Immune,Immune,Immune,-,-,Immune,-,-,Immune,Immune,Immune,Immune,Immune,-,Immune,MissingEntry,MissingEntry,MissingEntry,MissingEntry,"Tail, Flee, Happy, Give me an item",MissingEntry,MissingEntry,MissingEntry,MissingEntry,MissingEntry

Python (Final Fantasy IX),2,75,184,8,10,2,8,10,3,9,10,19,40,106,Normal (100%),Weak (150%),Normal (100%),Normal (100%),Normal (100%),Normal (100%),Normal (100%),Normal (100%),MissingEntry,-,-,Immune,-,-,-,-,MissingEntry,Immune,Immune,-,Immune,-,-,-,-,-,-,-,-,-,-,Immune,-,-,-,-,MissingEntry,MissingEntry,MissingEntry,MissingEntry,"Rapid Fire, Thunder",MissingEntry,MissingEntry,MissingEntry,MissingEntry,MissingEntry

Flan (Final Fantasy IX),2,75,183,8,10,2,8,1,3,9,10,17,41,110,Weak (150%),Half,Normal (100%),Normal (100%),Normal (100%),Normal (100%),Normal (100%),Normal (100%),MissingEntry,-,-,Immune,-,-,-,-,MissingEntry,-,-,-,Immune,-,-,-,-,-,-,-,-,-,-,Immune,-,-,-,-,MissingEntry,MissingEntry,MissingEntry,MissingEntry,"Head Attack, Blizzard",MissingEntry,MissingEntry,MissingEntry,MissingEntry,MissingEntry

Cave Imp,2,74,186,8,10,2,8,8,3,9,10,19,35,118,Weak (150%),Half,Normal (100%),Normal (100%),Normal (100%),Normal (100%),Normal (100%),Normal (100%),MissingEntry,-,-,Immune,-,-,-,-,MissingEntry,-,-,-,Immune,-,-,-,-,-,-,-,-,-,-,-,-,-,-,-,MissingEntry,MissingEntry,MissingEntry,MissingEntry,"Rusty Knife, Blizzard, Sleeping Juice",MissingEntry,MissingEntry,MissingEntry,MissingEntry,MissingEntry

Wyerd (Final Fantasy IX),2,129,183,8,10,2,8,8,3,9,10,19,45,116,Weak (150%),Half,Normal (100%),Normal (100%),Normal (100%),Normal (100%),Normal (100%),Normal (100%),MissingEntry,-,-,Immune,-,-,-,-,MissingEntry,Immune,Immune,-,Immune,-,-,-,-,-,-,-,-,-,-,Immune,-,-,-,-,MissingEntry,MissingEntry,MissingEntry,MissingEntry,"HP Switching, Blizzard, Slap",MissingEntry,MissingEntry,MissingEntry,MissingEntry,MissingEntry

Black Waltz 1,2,229,"9,999",8,10,2,8,10,3,9,10,19,0,134,Weak (150%),Weak (150%),Normal (100%),Normal (100%),Normal (100%),Normal (100%),Normal (100%),Normal (100%),MissingEntry,Immune,Immune,Immune,Immune,-,Immune,Immune,MissingEntry,Immune,Immune,Immune,Immune,Immune,Immune,Immune,-,-,Immune,-,-,Immune,-,Immune,Immune,Immune,-,Immune,MissingEntry,MissingEntry,MissingEntry,MissingEntry,"Blizzard (8), Fire, Blizzard (18)[note 1], Hit",MissingEntry,MissingEntry,MissingEntry,MissingEntry,MissingEntry

Sealion,3,472,"9,999",8,10,2,8,10,3,10,11,19,0,205,Weak (150%),Absorbs (-100%),Normal (100%),Immune (0%),Normal (100%),Immune (0%),Normal (100%),Normal (100%),MissingEntry,Immune,Immune,Immune,Immune,Immune,Immune,Immune,MissingEntry,Immune,Immune,Immune,Immune,Immune,Immune,Immune,-,-,Immune,-,-,Immune,Immune,Immune,Immune,Immune,-,Immune,MissingEntry,MissingEntry,MissingEntry,MissingEntry,"Wing, Blizzard",MissingEntry,MissingEntry,MissingEntry,MissingEntry,MissingEntry

Sealion,3,472,"9,999",8,10,2,8,10,3,10,11,19,0,205,Weak (150%),Absorbs (-100%),Normal (100%),Immune (0%),Normal (100%),Immune (0%),Normal (100%),Normal (100%),MissingEntry,Immune,Immune,Immune,Immune,Immune,Immune,Immune,MissingEntry,Immune,Immune,Immune,Immune,Immune,Immune,Immune,-,-,Immune,-,-,Immune,Immune,Immune,Immune,Immune,-,Immune,MissingEntry,MissingEntry,MissingEntry,MissingEntry,"Wing, Blizzara",MissingEntry,MissingEntry,MissingEntry,MissingEntry,MissingEntry

Sealion,3,472,"9,999",8,10,2,8,10,3,10,11,19,0,205,Weak (150%),Absorbs (-100%),Normal (100%),Immune (0%),Normal (100%),Immune (0%),Normal (100%),Normal (100%),MissingEntry,Immune,Immune,Immune,Immune,Immune,Immune,Immune,MissingEntry,Immune,Immune,Immune,Immune,Immune,Immune,Immune,-,-,Immune,-,-,Immune,Immune,Immune,Immune,Immune,-,Immune,MissingEntry,MissingEntry,MissingEntry,MissingEntry,"Wing, Tsunami",MissingEntry,MissingEntry,MissingEntry,MissingEntry,MissingEntry

Carve Spider (Final Fantasy IX),3,123,199,8,10,2,8,10,3,10,11,19,48,124,Normal (100%),Normal (100%),Normal (100%),Normal (100%),Normal (100%),Normal (100%),Normal (100%),Normal (100%),MissingEntry,-,-,Immune,-,-,-,-,MissingEntry,-,-,-,Immune,-,-,-,-,-,-,-,-,-,-,Immune,-,-,-,-,MissingEntry,MissingEntry,MissingEntry,MissingEntry,"Antenna, Fire, Web",MissingEntry,MissingEntry,MissingEntry,MissingEntry,MissingEntry

Ghost (Final Fantasy IX),4,118,"9,999",8,9,2,8,8,3,11,11,19,48,126,Normal (100%),Normal (100%),Normal (100%),Normal (100%),Weak (150%),Immune (0%),Half,Weak (150%),MissingEntry,-,-,Immune,-,-,-,-,MissingEntry,Immune,Immune,-,Immune,-,-,-,-,-,Immune,-,-,-,-,-,-,-,-,-,MissingEntry,MissingEntry,MissingEntry,MissingEntry,"Thunder, Fire, Osmose",MissingEntry,MissingEntry,MissingEntry,MissingEntry,MissingEntry

Ghost (Final Fantasy IX),8,347,293,9,10,2,9,10,3,16,13,20,0,0,Normal (100%),Normal (100%),Normal (100%),Normal (100%),Weak (150%),Immune (0%),Half,Weak (150%),MissingEntry,Immune,Immune,Immune,-,-,Immune,Immune,MissingEntry,Immune,Immune,Immune,Immune,Immune,Immune,Immune,-,-,Immune,-,-,Immune,Immune,Immune,Immune,Immune,-,Immune,MissingEntry,MissingEntry,MissingEntry,MissingEntry,"Give me an item, Escape, Happy, More",MissingEntry,MissingEntry,MissingEntry,MissingEntry,MissingEntry

Vice (Final Fantasy IX),4,129,209,8,10,2,8,10,3,11,11,19,48,128,Normal (100%),Normal (100%),Normal (100%),Normal (100%),Normal (100%),Normal (100%),Normal (100%),Normal (100%),MissingEntry,-,-,Immune,-,-,-,-,MissingEntry,-,-,-,Immune,-,-,-,-,-,-,-,-,-,-,-,-,-,-,-,MissingEntry,MissingEntry,MissingEntry,MissingEntry,"Slice, Fire, Escape, Steal",MissingEntry,MissingEntry,MissingEntry,MissingEntry,MissingEntry

Black Waltz 2,6,"1,030","3,017",9,10,2,9,11,3,14,12,20,0,441,Normal (100%),Normal (100%),Normal (100%),Normal (100%),Weak (150%),Immune (0%),Normal (100%),Normal (100%),MissingEntry,Immune,Immune,Immune,Immune,-,Immune,Immune,MissingEntry,Immune,Immune,Immune,Immune,Immune,Immune,Immune,-,-,Immune,-,-,Immune,Immune,Immune,Immune,-,-,Immune,MissingEntry,MissingEntry,MissingEntry,MissingEntry,"Fire, Blizzard, Thunder (all), Fire (all), Blizzard (all), Thunder, Osmose, Fira (all), Blizzara (all), Thundara (all), Teleport, Hypnotize",MissingEntry,MissingEntry,MissingEntry,MissingEntry,MissingEntry

Black Waltz 3,7,"1,128","2,080",9,11,2,9,10,3,15,43,20,0,0,Normal (100%),Normal (100%),Normal (100%),Normal (100%),Weak (150%),Immune (0%),Normal (100%),Normal (100%),MissingEntry,Immune,Immune,Immune,Immune,-,Immune,Immune,MissingEntry,Immune,Immune,Immune,Immune,Immune,Immune,Immune,-,-,Immune,-,-,Immune,Immune,-,Immune,-,-,Immune,MissingEntry,MissingEntry,MissingEntry,MissingEntry,"Hit, Fire, Fira, Blizzard, Thundara, Thundara (all)",MissingEntry,MissingEntry,MissingEntry,MissingEntry,MissingEntry

Black Waltz 3,9,"1,292",344,10,10,2,10,11,3,17,44,20,0,864,Normal (100%),Normal (100%),Normal (100%),Normal (100%),Normal (100%),Normal (100%),Normal (100%),Normal (100%),MissingEntry,Immune,Immune,Immune,Immune,-,Immune,Immune,MissingEntry,Immune,Immune,Immune,Immune,Immune,-,-,-,-,-,Immune,Immune,Immune,Immune,-,Immune,-,-,Immune,MissingEntry,MissingEntry,MissingEntry,MissingEntry,"Hit, Fire, Blizzard, Thunder, Freeze",MissingEntry,MissingEntry,MissingEntry,MissingEntry,MissingEntry

Trick Sparrow,5,191,250,9,10,2,9,10,3,12,12,20,65,198,Normal (100%),Normal (100%),Normal (100%),Normal (100%),Weak (150%),Immune (0%),Normal (100%),Normal (100%),MissingEntry,-,-,Immune,-,-,-,-,MissingEntry,-,-,-,Immune,-,-,-,-,-,Immune,-,-,-,-,Immune,-,-,-,-,MissingEntry,MissingEntry,MissingEntry,MissingEntry,"Beak, Drain, Fire",MissingEntry,MissingEntry,MissingEntry,MissingEntry,MissingEntry

Zaghnol,9,"1,574","2,342",10,10,2,10,10,3,17,14,20,0,0,Normal (100%),Normal (100%),Half,Weak (150%),Normal (100%),Normal (100%),Normal (100%),Normal (100%),MissingEntry,Immune,Immune,Immune,-,-,-,Immune,MissingEntry,-,-,Immune,Immune,Immune,-,Immune,-,-,-,-,-,Immune,Immune,Immune,Immune,-,-,Immune,MissingEntry,MissingEntry,MissingEntry,MissingEntry,"Heave, Thunder, Electrocute, Thunder",MissingEntry,MissingEntry,MissingEntry,MissingEntry,MissingEntry

Zaghnol,16,"1,189",499,12,10,3,11,10,4,25,17,32,"1,261",546,Normal (100%),Normal (100%),Half,Weak (150%),Normal (100%),Normal (100%),Normal (100%),Normal (100%),MissingEntry,-,-,Immune,-,-,-,-,MissingEntry,-,-,-,Immune,-,-,-,-,-,-,-,-,-,-,Immune,-,-,-,-,MissingEntry,MissingEntry,MissingEntry,MissingEntry,"Heave, Thundara, Electrocute, Thundara",MissingEntry,MissingEntry,MissingEntry,MissingEntry,MissingEntry

Bomb (Final Fantasy IX),1,38,823,8,10,2,8,10,3,8,10,50,0,0,Absorbs (-100%),Weak (150%),Normal (100%),Weak (150%),Weak (150%),Immune (0%),Normal (100%),Normal (100%),MissingEntry,Immune,Immune,Immune,Immune,Immune,Immune,Immune,MissingEntry,Immune,Immune,Immune,Immune,Immune,Immune,Immune,Immune,Immune,Immune,Immune,Immune,Immune,Immune,Immune,Immune,Immune,Immune,Immune,MissingEntry,MissingEntry,MissingEntry,MissingEntry,Grow,MissingEntry,MissingEntry,MissingEntry,MissingEntry,MissingEntry

Bomb (Final Fantasy IX),10,526,359,10,10,2,10,10,3,18,14,21,178,235,Absorbs (-100%),Weak (150%),Normal (100%),Weak (150%),Weak (150%),Immune (0%),Normal (100%),Normal (100%),MissingEntry,-,-,Immune,-,-,-,-,MissingEntry,Immune,Immune,-,Immune,-,-,-,-,-,Immune,-,-,-,-,Immune,-,Immune,-,-,MissingEntry,MissingEntry,MissingEntry,MissingEntry,"Charge, Fire, Blowup, Grow",MissingEntry,MissingEntry,MissingEntry,MissingEntry,MissingEntry

Axe Beak (Final Fantasy IX),6,241,267,9,10,2,9,10,3,14,12,20,123,224,Normal (100%),Normal (100%),Normal (100%),Normal (100%),Normal (100%),Normal (100%),Normal (100%),Normal (100%),MissingEntry,-,-,Immune,-,-,-,-,MissingEntry,-,-,-,Immune,-,-,-,-,-,-,-,-,-,-,Immune,-,-,-,-,MissingEntry,MissingEntry,MissingEntry,MissingEntry,"Beak, Thundara, Glowing Eyes",MissingEntry,MissingEntry,MissingEntry,MissingEntry,MissingEntry

Serpion,8,397,295,9,10,2,9,11,3,16,13,20,139,184,Normal (100%),Weak (150%),Normal (100%),Normal (100%),Normal (100%),Normal (100%),Normal (100%),Normal (100%),MissingEntry,-,-,Immune,-,-,-,-,MissingEntry,Immune,Immune,-,Immune,-,-,-,-,-,-,-,-,-,-,Immune,-,-,-,-,MissingEntry,MissingEntry,MissingEntry,MissingEntry,"Stab, Cure, Blizzard, Attacking Stance, Return, None, Shell, Poison Counter",MissingEntry,MissingEntry,MissingEntry,MissingEntry,MissingEntry

Ladybug (Final Fantasy IX),6,244,266,9,10,2,9,10,3,15,12,20,89,193,Normal (100%),Normal (100%),Normal (100%),Normal (100%),Weak (150%),Immune (0%),Normal (100%),Normal (100%),MissingEntry,-,-,Immune,-,-,-,-,MissingEntry,-,-,-,Immune,-,-,-,-,-,Immune,-,-,-,-,-,-,-,-,-,MissingEntry,MissingEntry,MissingEntry,MissingEntry,"Fire, Spear",MissingEntry,MissingEntry,MissingEntry,MissingEntry,MissingEntry

Ladybug (Final Fantasy IX),6,244,267,9,10,2,9,10,3,14,12,20,0,0,Normal (100%),Normal (100%),Normal (100%),Normal (100%),Weak (150%),Immune (0%),Half,Weak (150%),MissingEntry,Immune,Immune,Immune,-,-,Immune,Immune,MissingEntry,Immune,Immune,Immune,Immune,Immune,Immune,Immune,-,-,Immune,-,-,Immune,Immune,Immune,Immune,Immune,-,Immune,MissingEntry,MissingEntry,MissingEntry,MissingEntry,"None, None, Escape, Happy, Give me an item, Continue1, Continue2, None, More",MissingEntry,MissingEntry,MissingEntry,MissingEntry,MissingEntry

Hedgehog Pie (Final Fantasy IX),7,295,281,9,10,2,9,10,3,16,13,20,119,187,Normal (100%),Normal (100%),Normal (100%),Normal (100%),Normal (100%),Normal (100%),Normal (100%),Normal (100%),MissingEntry,-,-,Immune,-,-,-,-,MissingEntry,-,-,-,Immune,-,-,-,-,-,-,-,-,-,-,Immune,-,-,-,-,MissingEntry,MissingEntry,MissingEntry,MissingEntry,"Ram, Pumpkin Head, Fat Press",MissingEntry,MissingEntry,MissingEntry,MissingEntry,MissingEntry

Clipper (Final Fantasy IX),7,294,278,9,11,2,9,10,3,15,13,20,80,190,Normal (100%),Normal (100%),Weak (150%),Half,Normal (100%),Normal (100%),Normal (100%),Normal (100%),MissingEntry,-,-,Immune,-,-,-,-,MissingEntry,-,-,-,Immune,-,-,-,-,-,-,-,-,-,-,Immune,-,-,-,-,MissingEntry,MissingEntry,MissingEntry,MissingEntry,"Crush, Water, Bubbles",MissingEntry,MissingEntry,MissingEntry,MissingEntry,MissingEntry

Mandragora (Final Fantasy IX),9,662,344,10,5,2,10,7,3,17,14,20,307,595,Weak (150%),Normal (100%),Normal (100%),Normal (100%),Normal (100%),Normal (100%),Normal (100%),Normal (100%),MissingEntry,-,-,Immune,-,-,-,-,MissingEntry,Immune,Immune,-,Immune,-,-,-,-,-,-,-,-,-,-,Immune,-,-,-,-,MissingEntry,MissingEntry,MissingEntry,MissingEntry,"Chestnut, Blizzara, Shriek",MissingEntry,MissingEntry,MissingEntry,MissingEntry,MissingEntry

Ironite (Final Fantasy IX),11,889,374,10,10,2,10,10,4,20,15,21,577,269,Normal (100%),Weak (150%),Normal (100%),Normal (100%),Weak (150%),Immune (0%),Normal (100%),Normal (100%),MissingEntry,-,-,Immune,-,-,-,-,MissingEntry,-,-,-,Immune,-,-,-,-,-,Immune,-,-,-,-,Immune,-,-,-,-,MissingEntry,MissingEntry,MissingEntry,MissingEntry,"Wings, Thundara, Flame",MissingEntry,MissingEntry,MissingEntry,MissingEntry,MissingEntry

Gigan Toad (Final Fantasy IX),6,242,264,9,10,2,9,10,3,14,12,20,139,292,Normal (100%),Normal (100%),Weak (150%),Absorbs (-100%),Normal (100%),Normal (100%),Normal (100%),Normal (100%),MissingEntry,-,-,Immune,-,-,-,-,MissingEntry,Immune,Immune,-,Immune,-,-,-,-,-,-,-,-,-,-,Immune,-,-,-,-,MissingEntry,MissingEntry,MissingEntry,MissingEntry,"Glowing Eyes, Blizzara, Water",MissingEntry,MissingEntry,MissingEntry,MissingEntry,MissingEntry

Gigan Toad (Final Fantasy IX),7,297,280,9,10,2,9,10,3,15,13,20,178,288,Normal (100%),Normal (100%),Weak (150%),Absorbs (-100%),Normal (100%),Normal (100%),Normal (100%),Normal (100%),MissingEntry,-,-,Immune,-,-,-,-,MissingEntry,Immune,Immune,-,Immune,-,-,-,-,-,-,-,-,-,-,Immune,-,-,-,-,MissingEntry,MissingEntry,MissingEntry,MissingEntry,"Glowing Eyes, Blizzara, Water",MissingEntry,MissingEntry,MissingEntry,MissingEntry,MissingEntry

Axolotl (Final Fantasy IX),6,211,266,8,10,2,9,10,3,14,12,19,106,236,Normal (100%),Normal (100%),Weak (150%),Immune (0%),Normal (100%),Normal (100%),Normal (100%),Normal (100%),MissingEntry,-,-,Immune,-,-,-,-,MissingEntry,-,-,-,Immune,-,-,-,-,-,-,-,-,-,-,Immune,-,-,-,-,MissingEntry,MissingEntry,MissingEntry,MissingEntry,"Tail, Aqua Breath, Water",MissingEntry,MissingEntry,MissingEntry,MissingEntry,MissingEntry

Hornet (Final Fantasy IX),7,293,281,9,8,2,9,7,3,15,13,20,89,194,Normal (100%),Normal (100%),Weak (150%),Normal (100%),Weak (150%),Immune (0%),Normal (100%),Normal (100%),MissingEntry,-,-,Immune,-,-,-,-,MissingEntry,-,-,-,Immune,-,-,-,-,-,Immune,-,-,-,-,Immune,-,-,-,-,MissingEntry,MissingEntry,MissingEntry,MissingEntry,"Stinger, Buzz",MissingEntry,MissingEntry,MissingEntry,MissingEntry,MissingEntry

Skeleton (Final Fantasy IX),8,400,293,9,10,2,9,10,3,16,13,20,104,209,Weak (150%),Normal (100%),Normal (100%),Normal (100%),Normal (100%),Normal (100%),Weak (150%),Half,MissingEntry,-,-,Immune,-,-,-,-,MissingEntry,-,-,-,Immune,-,-,-,-,-,-,-,-,-,-,-,-,-,-,-,MissingEntry,MissingEntry,MissingEntry,MissingEntry,"Hack, Thunder, Whirl Slash",MissingEntry,MissingEntry,MissingEntry,MissingEntry,MissingEntry

Type A,8,398,293,9,9,2,9,9,3,16,13,20,115,199,Normal (100%),Normal (100%),Normal (100%),Normal (100%),Normal (100%),Normal (100%),Normal (100%),Normal (100%),MissingEntry,-,-,Immune,-,-,-,-,MissingEntry,-,-,-,Immune,-,-,-,-,-,-,-,-,-,-,Immune,-,-,-,-,MissingEntry,MissingEntry,MissingEntry,MissingEntry,"Strike, Fire, Blizzard, Thunder",MissingEntry,MissingEntry,MissingEntry,MissingEntry,MissingEntry

Lamia (Final Fantasy IX),10,994,358,10,10,2,10,11,3,18,14,50,204,494,Normal (100%),Normal (100%),Weak (150%),Halves (50%),Normal (100%),Normal (100%),Normal (100%),Normal (100%),MissingEntry,-,-,Immune,-,-,-,-,MissingEntry,-,-,-,Immune,-,-,-,-,-,-,-,-,-,-,-,-,-,-,-,MissingEntry,MissingEntry,MissingEntry,MissingEntry,"Slash, Cure, Entice, Might",MissingEntry,MissingEntry,MissingEntry,MissingEntry,MissingEntry

Gizamaluke,16,"3,175",502,11,10,3,11,11,4,23,17,22,0,800,Normal (100%),Normal (100%),Weak (150%),50%,Weak (150%),Immune (0%),Normal (100%),Normal (100%),MissingEntry,Immune,Immune,Immune,-,-,Immune,Immune,MissingEntry,Immune,Immune,Immune,Immune,Immune,-,Immune,-,-,Immune,-,-,Immune,Immune,Immune,Immune,-,-,Immune,MissingEntry,MissingEntry,MissingEntry,MissingEntry,"Crash, Water, Silent Voice",MissingEntry,MissingEntry,MissingEntry,MissingEntry,MissingEntry

Lizard Man (Final Fantasy IX),10,589,359,11,10,2,10,10,3,18,14,21,173,218,Normal (100%),Weak (150%),Weak (150%),Half,Normal (100%),Normal (100%),Normal (100%),Normal (100%),MissingEntry,-,-,Immune,-,-,-,-,MissingEntry,-,-,-,Immune,-,-,-,-,-,-,-,-,-,-,-,-,-,-,-,MissingEntry,MissingEntry,MissingEntry,MissingEntry,"Hatchet, Protect",MissingEntry,MissingEntry,MissingEntry,MissingEntry,MissingEntry

Yeti (Final Fantasy IX),9,463,342,10,10,2,10,10,3,17,14,20,133,221,Normal (100%),Normal (100%),Normal (100%),Normal (100%),Weak (150%),Immune (0%),Half,Weak (150%),MissingEntry,-,-,Immune,-,-,-,-,MissingEntry,-,-,-,Immune,-,-,-,-,-,Immune,-,-,-,-,Immune,-,-,-,-,MissingEntry,MissingEntry,MissingEntry,MissingEntry,"Bite, Blizzara, Blind Tail",MissingEntry,MissingEntry,MissingEntry,MissingEntry,MissingEntry

Yeti (Final Fantasy IX),6,246,265,9,10,2,9,10,3,14,12,20,0,0,Normal (100%),Normal (100%),Normal (100%),Normal (100%),Weak (150%),Immune (0%),Half,Weak (150%),MissingEntry,Immune,Immune,Immune,-,-,Immune,Immune,MissingEntry,Immune,Immune,Immune,Immune,Immune,Immune,Immune,-,-,Immune,-,-,Immune,Immune,Immune,Immune,Immune,-,Immune,MissingEntry,MissingEntry,MissingEntry,MissingEntry,None,MissingEntry,MissingEntry,MissingEntry,MissingEntry,MissingEntry

Nymph (Final Fantasy IX),9,458,345,10,10,2,10,12,3,17,14,20,329,303,Weak (150%),Normal (100%),Normal (100%),Normal (100%),Normal (100%),Normal (100%),Half,Weak (150%),MissingEntry,-,-,Immune,-,-,-,-,MissingEntry,-,-,-,Immune,-,-,-,-,-,-,-,-,-,-,Immune,-,-,-,-,MissingEntry,MissingEntry,MissingEntry,MissingEntry,"Silent Kiss, Fira, Night",MissingEntry,MissingEntry,MissingEntry,MissingEntry,MissingEntry

Nymph (Final Fantasy IX),9,463,344,10,10,2,10,10,3,17,14,20,0,0,Weak (150%),Normal (100%),Normal (100%),Normal (100%),Normal (100%),Normal (100%),Half,Weak (150%),MissingEntry,Immune,Immune,Immune,-,-,Immune,Immune,MissingEntry,Immune,Immune,Immune,Immune,Immune,Immune,Immune,-,-,Immune,-,-,Immune,Immune,Immune,Immune,Immune,-,Immune,MissingEntry,MissingEntry,MissingEntry,MissingEntry,None,MissingEntry,MissingEntry,MissingEntry,MissingEntry,MissingEntry

Basilisk (Final Fantasy IX),6,346,267,9,10,2,9,8,3,14,12,22,167,233,Normal (100%),Weak (150%),Normal (100%),Normal (100%),Normal (100%),Normal (100%),Normal (100%),Normal (100%),MissingEntry,-,-,Immune,-,-,-,-,MissingEntry,-,-,-,Immune,-,-,-,-,-,-,-,-,-,-,Immune,-,-,-,-,MissingEntry,MissingEntry,MissingEntry,MissingEntry,"Tongue, Slow, Gradual Petrify",MissingEntry,MissingEntry,MissingEntry,MissingEntry,MissingEntry

Magic Vice,7,297,278,9,9,2,9,11,3,15,13,20,213,239,Normal (100%),Normal (100%),Normal (100%),Normal (100%),Normal (100%),Normal (100%),Normal (100%),Normal (100%),MissingEntry,-,-,Immune,-,-,Immune,-,MissingEntry,Immune,Immune,-,Immune,-,-,-,-,-,-,-,-,-,-,-,-,-,-,-,MissingEntry,MissingEntry,MissingEntry,MissingEntry,"Mug, Magic Hammer, Escape",MissingEntry,MissingEntry,MissingEntry,MissingEntry,MissingEntry

Mimic (Final Fantasy IX),8,346,295,9,10,2,9,11,3,16,13,20,320,777,Normal (100%),Normal (100%),Normal (100%),Normal (100%),Normal (100%),Normal (100%),Weak (150%),Half,MissingEntry,-,-,Immune,-,-,-,-,MissingEntry,Immune,Immune,-,Immune,-,-,-,-,-,-,-,-,-,-,Immune,-,-,-,-,MissingEntry,MissingEntry,MissingEntry,MissingEntry,"Eat, Poison, Call",MissingEntry,MissingEntry,MissingEntry,MissingEntry,MissingEntry

Beatrix (Final Fantasy IX boss),14,"3,630","3,467",11,10,3,11,12,4,22,16,41,0,0,Normal (100%),Normal (100%),Normal (100%),Normal (100%),Normal (100%),Normal (100%),Normal (100%),Normal (100%),MissingEntry,Immune,Immune,Immune,Immune,Immune,Immune,Immune,MissingEntry,Immune,Immune,Immune,Immune,Immune,Immune,Immune,-,-,Immune,-,-,Immune,Immune,Immune,Immune,Immune,-,Immune,MissingEntry,MissingEntry,MissingEntry,MissingEntry,"Thunder Slash, Stock Break, Shock",MissingEntry,MissingEntry,MissingEntry,MissingEntry,MissingEntry

Beatrix (Final Fantasy IX boss),17,"4,736","3,964",12,10,3,12,10,4,27,18,42,0,0,Normal (100%),Normal (100%),Normal (100%),Normal (100%),Normal (100%),Normal (100%),Normal (100%),Normal (100%),MissingEntry,Immune,Immune,Immune,Immune,Immune,Immune,Immune,MissingEntry,Immune,Immune,Immune,Immune,Immune,Immune,Immune,-,-,Immune,-,-,Immune,Immune,Immune,Immune,Immune,-,Immune,MissingEntry,MissingEntry,MissingEntry,MissingEntry,"Attack, Cure, Thunder Slash, Stock Break, Shock",MissingEntry,MissingEntry,MissingEntry,MissingEntry,MissingEntry

Beatrix (Final Fantasy IX boss),19,"5,709","4,203",12,10,3,12,14,4,29,19,48,0,0,Normal (100%),Normal (100%),Normal (100%),Normal (100%),Normal (100%),Normal (100%),Normal (100%),Normal (100%),MissingEntry,Immune,Immune,Immune,Immune,Immune,Immune,Immune,MissingEntry,Immune,Immune,Immune,Immune,Immune,Immune,Immune,-,Immune,Immune,-,-,Immune,Immune,Immune,Immune,Immune,-,Immune,MissingEntry,MissingEntry,MissingEntry,MissingEntry,"Cura, Thunder Slash, Climhazzard, Shock",MissingEntry,MissingEntry,MissingEntry,MissingEntry,MissingEntry

Crawler (Final Fantasy IX),10,625,358,10,8,2,10,10,3,18,14,21,480,323,Normal (100%),Weak (150%),Normal (100%),Normal (100%),Normal (100%),Normal (100%),Normal (100%),Normal (100%),MissingEntry,-,-,Immune,-,-,-,-,MissingEntry,Immune,-,-,Immune,-,-,-,-,-,-,-,-,-,-,Immune,-,-,-,-,MissingEntry,MissingEntry,MissingEntry,MissingEntry,"Claws, Stomach, Drain",MissingEntry,MissingEntry,MissingEntry,MissingEntry,MissingEntry

Dragonfly (Final Fantasy IX),8,348,295,9,15,2,9,5,3,16,13,18,249,307,Normal (100%),Weak (150%),Normal (100%),Normal (100%),Weak (150%),Immune (0%),Normal (100%),Normal (100%),MissingEntry,-,-,Immune,-,-,-,-,MissingEntry,-,-,-,Immune,-,-,-,-,-,Immune,-,-,-,-,Immune,-,-,-,-,MissingEntry,MissingEntry,MissingEntry,MissingEntry,"Charge, Fira, Buzz",MissingEntry,MissingEntry,MissingEntry,MissingEntry,MissingEntry

Ralvurahva,13,"2,296","3,649",11,8,3,11,9,4,22,16,21,0,0,Normal (100%),Weak (150%),Normal (100%),Normal (100%),Normal (100%),Normal (100%),Normal (100%),Normal (100%),MissingEntry,Immune,Immune,Immune,Immune,-,Immune,Immune,MissingEntry,Immune,Immune,Immune,Immune,Immune,Immune,Immune,-,-,Immune,-,-,Immune,Immune,Immune,Immune,Immune,-,Immune,MissingEntry,MissingEntry,MissingEntry,MissingEntry,"Devilâ€™s Kiss, Blizzara, String, Night",MissingEntry,MissingEntry,MissingEntry,MissingEntry,MissingEntry

Sand Scorpion,10,526,360,10,10,2,10,10,3,18,14,21,400,315,Normal (100%),Weak (150%),Normal (100%),Absorbs (-100%),Normal (100%),Normal (100%),Normal (100%),Normal (100%),MissingEntry,-,-,Immune,-,-,-,-,MissingEntry,Immune,Immune,-,Immune,-,-,-,-,-,-,-,-,-,-,Immune,-,-,-,-,MissingEntry,MissingEntry,MissingEntry,MissingEntry,"Poison Counter, Fira, Claws",MissingEntry,MissingEntry,MissingEntry,MissingEntry,MissingEntry

Sand Golem,11,342,376,12,10,2,10,10,4,20,15,21,677,589,Normal (100%),Weak (150%),Normal (100%),Absorbs (-100%),Normal (100%),Normal (100%),Normal (100%),Normal (100%),MissingEntry,Immune,Immune,Immune,-,-,Immune,Immune,MissingEntry,Immune,Immune,Immune,Immune,Immune,Immune,Immune,-,-,Immune,-,-,Immune,Immune,Immune,Immune,Immune,-,Immune,MissingEntry,MissingEntry,MissingEntry,MissingEntry,"Counter, Fira, Sandstorm",MissingEntry,MissingEntry,MissingEntry,MissingEntry,MissingEntry

Core (Final Fantasy IX),11,"1,091",377,10,10,2,10,10,4,20,15,21,0,0,Normal (100%),Weak (150%),Normal (100%),Absorbs (-100%),Normal (100%),Normal (100%),Normal (100%),Normal (100%),MissingEntry,Immune,Immune,Immune,Immune,Immune,Immune,Immune,MissingEntry,Immune,Immune,Immune,Immune,Immune,Immune,Immune,Immune,Immune,Immune,Immune,Immune,Immune,Immune,Immune,Immune,Immune,Immune,Immune,MissingEntry,MissingEntry,MissingEntry,MissingEntry,None,MissingEntry,MissingEntry,MissingEntry,MissingEntry,MissingEntry

Zuu (Final Fantasy IX),8,"1,149",293,9,6,2,9,6,3,16,13,20,320,384,Normal (100%),Weak (150%),Normal (100%),Weak (150%),Weak (150%),Immune (0%),Normal (100%),Normal (100%),MissingEntry,-,-,Immune,-,-,-,-,MissingEntry,-,-,-,Immune,-,-,-,-,-,Immune,-,-,-,-,Immune,-,-,-,-,MissingEntry,MissingEntry,MissingEntry,MissingEntry,"Claws, Fira, Swallow, Aera, White Wind",MissingEntry,MissingEntry,MissingEntry,MissingEntry,MissingEntry

Carrion Worm (Final Fantasy IX),9,259,345,10,10,2,10,10,3,17,14,20,329,319,Normal (100%),Weak (150%),Normal (100%),Weak (150%),Normal (100%),Normal (100%),Normal (100%),Normal (100%),MissingEntry,-,-,Immune,-,-,-,-,MissingEntry,Immune,Immune,-,Immune,-,-,-,-,-,-,-,-,-,-,Immune,-,-,-,-,MissingEntry,MissingEntry,MissingEntry,MissingEntry,"Trouble Juice, Fira, None, Drain",MissingEntry,MissingEntry,MissingEntry,MissingEntry,MissingEntry

Antlion (Final Fantasy IX),16,"3,938","3,950",11,10,3,11,10,4,25,17,22,0,"1,616",Normal (100%),Weak (150%),Normal (100%),Absorbs (-100%),Normal (100%),Normal (100%),Normal (100%),Normal (100%),MissingEntry,Immune,Immune,Immune,-,-,Immune,Immune,MissingEntry,Immune,Immune,Immune,Immune,Immune,-,Immune,-,-,Immune,-,-,Immune,Immune,Immune,Immune,Immune,-,Immune,MissingEntry,MissingEntry,MissingEntry,MissingEntry,"Sandstorm, Fira, Death, Counter Horn, Trouble Mucus",MissingEntry,MissingEntry,MissingEntry,MissingEntry,MissingEntry

Antlion (Final Fantasy IX),35,"4,522","1,216",16,10,4,16,10,6,48,27,26,332,54,Normal (100%),Weak (150%),Normal (100%),Absorbs (-100%),Normal (100%),Normal (100%),Normal (100%),Normal (100%),MissingEntry,-,-,Immune,-,-,-,-,MissingEntry,Immune,Immune,-,Immune,-,-,-,-,-,Immune,-,-,-,-,Immune,-,-,-,-,MissingEntry,MissingEntry,MissingEntry,MissingEntry,"Sandstorm, Fira, Death, Counter Horn, Trouble Mucus",MissingEntry,MissingEntry,MissingEntry,MissingEntry,MissingEntry

Soldier (Final Fantasy IX),10,523,358,10,10,2,10,10,3,18,14,21,400,311,Normal (100%),Normal (100%),Normal (100%),Normal (100%),Normal (100%),Normal (100%),Normal (100%),Normal (100%),MissingEntry,-,-,Immune,-,-,-,-,MissingEntry,-,-,-,Immune,-,-,-,-,-,-,-,-,-,-,-,-,-,-,-,MissingEntry,MissingEntry,MissingEntry,MissingEntry,"Slash, Blizzara, Escape",MissingEntry,MissingEntry,MissingEntry,MissingEntry,MissingEntry

Soldier (Final Fantasy IX),9,459,342,10,10,2,10,10,3,17,14,20,357,292,Normal (100%),Normal (100%),Normal (100%),Normal (100%),Normal (100%),Normal (100%),Normal (100%),Normal (100%),MissingEntry,-,-,Immune,-,-,-,-,MissingEntry,-,-,-,Immune,-,-,-,-,-,-,-,-,-,-,-,-,-,-,-,MissingEntry,MissingEntry,MissingEntry,MissingEntry,"Slash, Blizzara, Escape",MissingEntry,MissingEntry,MissingEntry,MissingEntry,MissingEntry

Type B,10,526,361,10,10,2,10,12,3,18,14,21,373,321,Normal (100%),Normal (100%),Normal (100%),Normal (100%),Normal (100%),Normal (100%),Normal (100%),Normal (100%),MissingEntry,-,-,Immune,-,-,-,-,MissingEntry,Immune,Immune,-,Immune,-,-,-,-,-,-,-,-,-,-,Immune,-,-,-,-,MissingEntry,MissingEntry,MissingEntry,MissingEntry,"Slash, Blizzara, Thundara, Fira, Osmose",MissingEntry,MissingEntry,MissingEntry,MissingEntry,MissingEntry

Tantarian,41,"21,997","1,456",17,10,5,17,10,6,55,30,27,"12,585","4,472",Normal (100%),Normal (100%),Normal (100%),Normal (100%),Normal (100%),Normal (100%),Weak (150%),Half,MissingEntry,Immune,Immune,Immune,Immune,-,Immune,Immune,MissingEntry,Immune,Immune,Immune,Immune,Immune,Immune,Immune,-,-,Immune,-,-,Immune,Immune,Immune,Immune,-,-,Immune,MissingEntry,MissingEntry,MissingEntry,MissingEntry,"Edge, Doom, Poison, Paper Storm",MissingEntry,MissingEntry,MissingEntry,MissingEntry,MissingEntry

Zorn (boss),16,"4,896","9,999",11,10,3,11,14,4,25,17,50,0,0,Normal (100%),Normal (100%),Normal (100%),Normal (100%),Normal (100%),Normal (100%),Normal (100%),Normal (100%),MissingEntry,Immune,Immune,Immune,Immune,-,Immune,Immune,MissingEntry,Immune,Immune,Immune,Immune,Immune,Immune,Immune,-,-,Immune,-,-,Immune,Immune,Immune,Immune,-,-,Immune,MissingEntry,MissingEntry,MissingEntry,MissingEntry,Meteorite,MissingEntry,MissingEntry,MissingEntry,MissingEntry,MissingEntry

Thorn (boss),16,"2,984","9,999",11,10,3,11,14,4,25,17,50,0,0,Normal (100%),Normal (100%),Normal (100%),Normal (100%),Normal (100%),Normal (100%),Normal (100%),Normal (100%),MissingEntry,Immune,Immune,Immune,Immune,-,Immune,Immune,MissingEntry,Immune,Immune,Immune,Immune,Immune,Immune,Immune,-,-,Immune,-,-,Immune,Immune,Immune,Immune,-,-,Immune,MissingEntry,MissingEntry,MissingEntry,MissingEntry,Light Flare,MissingEntry,MissingEntry,MissingEntry,MissingEntry,MissingEntry

Bandersnatch (Final Fantasy IX),14,899,464,11,10,3,11,10,4,23,16,21,787,347,Normal (100%),Normal (100%),Normal (100%),Normal (100%),Normal (100%),Normal (100%),Normal (100%),Normal (100%),MissingEntry,-,-,Immune,-,-,-,-,MissingEntry,-,-,-,Immune,-,-,-,-,-,-,-,-,-,-,Immune,-,-,-,-,MissingEntry,MissingEntry,MissingEntry,MissingEntry,"Rush, Thundara, Tongue",MissingEntry,MissingEntry,MissingEntry,MissingEntry,MissingEntry

Type C,13,623,447,11,10,3,11,13,4,22,16,21,629,336,Normal (100%),Normal (100%),Normal (100%),Normal (100%),Normal (100%),Normal (100%),Normal (100%),Normal (100%),MissingEntry,-,-,Immune,-,-,-,-,MissingEntry,-,-,-,Immune,-,-,-,-,-,-,-,-,-,-,-,-,-,-,-,MissingEntry,MissingEntry,MissingEntry,MissingEntry,"Strike, Fira, Blizzara, Thundara",MissingEntry,MissingEntry,MissingEntry,MissingEntry,MissingEntry

Ralvuimago,18,"3,352",584,12,10,3,12,9,4,28,18,22,0,"1,404",Normal (100%),Weak (150%),Normal (100%),Normal (100%),Normal (100%),Absorbs (-100%),Normal (100%),Normal (100%),MissingEntry,Immune,Immune,Immune,Immune,-,Immune,Immune,MissingEntry,Immune,Immune,Immune,Immune,Immune,Immune,Immune,-,-,Immune,-,-,Immune,Immune,Immune,Immune,-,-,Immune,MissingEntry,MissingEntry,MissingEntry,MissingEntry,"Stab, Thundara, Stiffen, Power of the Land, Ultra Sound Wave, Return",MissingEntry,MissingEntry,MissingEntry,MissingEntry,MissingEntry

Seeker Bat (Final Fantasy IX),12,594,377,10,10,2,10,10,4,20,15,21,449,366,Weak (150%),Normal (100%),Normal (100%),Normal (100%),Weak (150%),Immune (0%),Normal (100%),Normal (100%),MissingEntry,-,-,Immune,-,-,-,-,MissingEntry,-,-,-,Immune,-,-,-,-,-,Immune,-,-,-,-,Immune,-,-,-,-,MissingEntry,MissingEntry,MissingEntry,MissingEntry,"Poison Counter, Fira, Claws, Scratch, Darkness",MissingEntry,MissingEntry,MissingEntry,MissingEntry,MissingEntry

Armodullahan (Final Fantasy IX),13,818,"4,598",11,15,3,11,8,4,22,16,21,809,474,Normal (100%),Normal (100%),Weak (150%),Normal (100%),Normal (100%),Normal (100%),Weak (150%),Half,MissingEntry,Immune,Immune,Immune,-,-,Immune,Immune,MissingEntry,Immune,Immune,Immune,Immune,Immune,-,Immune,-,-,Immune,-,-,Immune,Immune,Immune,Immune,-,-,Immune,MissingEntry,MissingEntry,MissingEntry,MissingEntry,"Spear, Thundara, Death, LV5 Death, Death",MissingEntry,MissingEntry,MissingEntry,MissingEntry,MissingEntry

Lani (boss),19,"5,708","4,802",12,10,3,12,10,4,30,19,50,0,0,Normal (100%),Normal (100%),Normal (100%),Normal (100%),Normal (100%),Normal (100%),Normal (100%),Normal (100%),MissingEntry,Immune,Immune,Immune,Immune,-,Immune,Immune,MissingEntry,Immune,Immune,Immune,Immune,Immune,Immune,Immune,-,-,Immune,-,-,Immune,Immune,Immune,Immune,Immune,-,Immune,MissingEntry,MissingEntry,MissingEntry,MissingEntry,"Scan, Blizzara, Fira, Thundara, Water, Aera,",MissingEntry,MissingEntry,MissingEntry,MissingEntry,MissingEntry

Griffin (Final Fantasy IX),16,"1,470",602,12,10,3,12,10,4,29,19,23,"1,858",602,Normal (100%),Normal (100%),Normal (100%),Normal (100%),Weak (150%),Immune (0%),Normal (100%),Normal (100%),MissingEntry,-,-,Immune,-,-,-,-,MissingEntry,-,-,-,Immune,-,-,-,-,-,Immune,-,-,-,-,Immune,-,-,-,-,MissingEntry,MissingEntry,MissingEntry,MissingEntry,"Tail, Aero, Aera, White Wind",MissingEntry,MissingEntry,MissingEntry,MissingEntry,MissingEntry

Feather Circle,13,619,448,11,10,3,11,8,4,23,16,21,629,378,Normal (100%),Normal (100%),Weak (150%),Half,Weak (150%),Immune (0%),Normal (100%),Normal (100%),MissingEntry,-,-,Immune,-,-,-,-,MissingEntry,-,-,-,Immune,-,-,-,-,-,Immune,-,-,-,-,Immune,-,-,-,-,MissingEntry,MissingEntry,MissingEntry,MissingEntry,"Aerial Slash, Firaga, Stop, Trouble Tail, Blizzara, Demi, Tail",MissingEntry,MissingEntry,MissingEntry,MissingEntry,MissingEntry

Feather Circle,29,"3,298",994,15,10,4,15,10,5,41,24,25,0,0,Normal (100%),Normal (100%),Weak (150%),Half,Weak (150%),Immune (0%),Half,Weak (150%),MissingEntry,Immune,Immune,Immune,-,-,Immune,Immune,MissingEntry,Immune,Immune,Immune,Immune,Immune,Immune,Immune,-,-,Immune,-,-,Immune,Immune,Immune,Immune,Immune,-,Immune,MissingEntry,MissingEntry,MissingEntry,MissingEntry,None,MissingEntry,MissingEntry,MissingEntry,MissingEntry,MissingEntry

Abomination (Final Fantasy IX),15,879,482,11,8,3,11,10,4,24,17,22,913,388,Normal (100%),Normal (100%),Normal (100%),Normal (100%),Normal (100%),Normal (100%),Normal (100%),Normal (100%),MissingEntry,-,-,Immune,-,-,-,-,MissingEntry,-,-,-,Immune,-,-,-,-,-,-,-,-,-,-,Immune,-,-,-,-,MissingEntry,MissingEntry,MissingEntry,MissingEntry,"Silent Slap, Fira, Sleep",MissingEntry,MissingEntry,MissingEntry,MissingEntry,MissingEntry

Cactuar (Final Fantasy IX),30,"1,939","1,018",15,5,4,15,5,5,42,24,25,"4,208","1,021",Weak (150%),Normal (100%),Normal (100%),Absorbs (-100%),Normal (100%),Normal (100%),Normal (100%),Normal (100%),MissingEntry,-,-,Immune,Immune,-,-,-,MissingEntry,Immune,Immune,-,Immune,-,-,-,-,-,Immune,-,-,-,-,Immune,-,-,-,-,MissingEntry,MissingEntry,MissingEntry,MissingEntry,"Head Attack, Confuse, Haste, 1,000 Needles, Appearance, Hide",MissingEntry,MissingEntry,MissingEntry,MissingEntry,MissingEntry

Goblin Mage (Final Fantasy IX),15,983,485,11,10,3,11,13,4,24,17,22,913,568,Normal (100%),Normal (100%),Normal (100%),Normal (100%),Normal (100%),Normal (100%),Normal (100%),Normal (100%),MissingEntry,-,-,Immune,-,-,-,-,MissingEntry,-,-,-,Immune,-,-,-,-,-,-,-,-,-,-,-,-,-,-,-,MissingEntry,MissingEntry,MissingEntry,MissingEntry,"Axe, Thundara, Goblin Punch, Vanish",MissingEntry,MissingEntry,MissingEntry,MissingEntry,MissingEntry

Sahagin (Final Fantasy IX),18,"1,375",585,12,10,3,12,10,4,28,18,22,"1,368",684,Normal (100%),Normal (100%),Weak (150%),Absorbs (-100%),Normal (100%),Normal (100%),Normal (100%),Normal (100%),MissingEntry,-,-,Immune,-,-,-,-,MissingEntry,Immune,Immune,-,Immune,-,-,-,-,-,-,-,-,-,-,-,-,-,-,-,MissingEntry,MissingEntry,MissingEntry,MissingEntry,"Impale, Water, Water-gun, Shell Defense",MissingEntry,MissingEntry,MissingEntry,MissingEntry,MissingEntry

Myconid (Final Fantasy IX),20,"1,372",584,12,10,3,12,10,4,28,18,22,"1,368",726,Weak (150%),Normal (100%),Normal (100%),Normal (100%),Weak (150%),Immune (0%),Normal (100%),Normal (100%),MissingEntry,-,-,Immune,-,-,-,-,MissingEntry,-,-,-,Immune,-,-,-,-,-,Immune,-,-,-,-,Immune,-,-,-,-,MissingEntry,MissingEntry,MissingEntry,MissingEntry,"Saw, Blizzara, Spore",MissingEntry,MissingEntry,MissingEntry,MissingEntry,MissingEntry

Zemzelett (Final Fantasy IX),20,"1,571",625,12,10,3,12,14,4,30,19,23,"2,093",889,Normal (100%),Normal (100%),Normal (100%),Normal (100%),Weak (150%),Immune (0%),Normal (100%),Normal (100%),MissingEntry,-,-,Immune,-,-,-,-,MissingEntry,Immune,Immune,-,Immune,-,-,-,-,-,Immune,-,-,-,-,Immune,-,-,-,-,MissingEntry,MissingEntry,MissingEntry,MissingEntry,"Psychokinesis, Aero, Rainbow Wind, White Wind",MissingEntry,MissingEntry,MissingEntry,MissingEntry,MissingEntry

Gnoll,18,"1,375",586,12,10,3,12,10,4,28,18,30,"1,368",691,Normal (100%),Normal (100%),Normal (100%),Normal (100%),Normal (100%),Normal (100%),Normal (100%),Normal (100%),MissingEntry,-,-,Immune,-,-,-,-,MissingEntry,Immune,Immune,-,Immune,-,-,-,-,-,-,-,-,-,-,-,-,-,-,-,MissingEntry,MissingEntry,MissingEntry,MissingEntry,"Gnoll Attack, Blizzara, Might, Vanish",MissingEntry,MissingEntry,MissingEntry,MissingEntry,MissingEntry

Ochu (Final Fantasy IX),16,"3,568",622,12,6,3,12,6,4,30,19,23,"2,093",845,Weak (150%),Normal (100%),Normal (100%),Normal (100%),Normal (100%),Normal (100%),Normal (100%),Normal (100%),MissingEntry,-,-,Immune,-,-,-,-,MissingEntry,-,-,-,Immune,-,-,-,-,-,-,-,-,-,-,Immune,-,-,-,-,MissingEntry,MissingEntry,MissingEntry,MissingEntry,"Thorn Whip, Blizzara, Slow",MissingEntry,MissingEntry,MissingEntry,MissingEntry,MissingEntry

Troll (Final Fantasy IX),20,"1,469",623,12,10,3,12,10,4,30,19,23,"2,093",854,Normal (100%),Normal (100%),Normal (100%),Normal (100%),Normal (100%),Normal (100%),Normal (100%),Normal (100%),MissingEntry,-,-,Immune,-,-,-,-,MissingEntry,-,-,-,Immune,-,-,-,-,-,-,-,-,-,-,-,-,-,-,-,MissingEntry,MissingEntry,MissingEntry,MissingEntry,"Spear, Blizzara, Solution, Counter",MissingEntry,MissingEntry,MissingEntry,MissingEntry,MissingEntry

Hilgigars,28,"8,106",908,14,10,4,14,10,5,40,23,44,0,"2,136",Normal (100%),Normal (100%),Normal (100%),Normal (100%),Normal (100%),Normal (100%),Normal (100%),Normal (100%),MissingEntry,Immune,Immune,Immune,-,Immune,Immune,Immune,MissingEntry,Immune,Immune,Immune,Immune,Immune,Immune,Immune,-,-,Immune,-,-,Immune,Immune,Immune,Immune,-,-,Immune,MissingEntry,MissingEntry,MissingEntry,MissingEntry,"Knock Down, Curaga, Earthquake, Hiphop",MissingEntry,MissingEntry,MissingEntry,MissingEntry,MissingEntry

Blazer Beetle (Final Fantasy IX),19,"1,468",603,12,15,3,12,9,4,29,19,23,"1,548",740,Normal (100%),Normal (100%),Normal (100%),Normal (100%),Normal (100%),Normal (100%),Normal (100%),Normal (100%),MissingEntry,-,-,Immune,-,-,-,-,MissingEntry,-,-,-,Immune,-,-,-,-,-,-,-,-,-,-,Immune,-,-,-,-,MissingEntry,MissingEntry,MissingEntry,MissingEntry,"Hit, Fira, Charge",MissingEntry,MissingEntry,MissingEntry,MissingEntry,MissingEntry

Zombie (Final Fantasy IX),19,973,603,12,9,3,12,10,4,29,19,23,"1,445",708,Weak (150%),Normal (100%),Normal (100%),Normal (100%),Normal (100%),Normal (100%),Weak (150%),Half,MissingEntry,-,-,Immune,-,-,-,-,MissingEntry,-,-,-,Immune,-,-,-,-,-,-,-,-,-,-,Immune,-,-,-,-,MissingEntry,MissingEntry,MissingEntry,MissingEntry,"Strike, Roulette, Melt",MissingEntry,MissingEntry,MissingEntry,MissingEntry,MissingEntry

Stroper (Final Fantasy IX),21,"1,840",697,13,10,3,13,10,4,31,20,23,"2,346",915,Weak (150%),Normal (100%),Normal (100%),Normal (100%),Normal (100%),Normal (100%),Normal (100%),Normal (100%),MissingEntry,Immune,-,Immune,-,-,-,-,MissingEntry,Immune,Immune,-,Immune,-,-,-,-,-,-,-,-,-,-,Immune,-,-,-,-,MissingEntry,MissingEntry,MissingEntry,MissingEntry,"Slap, Silence, Gradual Petrify, Sweep",MissingEntry,MissingEntry,MissingEntry,MissingEntry,MissingEntry

Dracozombie,24,"2,179",760,13,10,3,13,10,5,35,21,29,"3,229",941,Weak (150%),Weak (150%),Normal (100%),Normal (100%),Normal (100%),Normal (100%),Weak (150%),Half,MissingEntry,-,-,Immune,-,-,-,-,MissingEntry,Immune,-,-,Immune,-,-,-,-,-,-,-,-,-,-,Immune,-,-,-,-,MissingEntry,MissingEntry,MissingEntry,MissingEntry,"Strike, Thundara, Zombie Breath, LV5 Death",MissingEntry,MissingEntry,MissingEntry,MissingEntry,MissingEntry

Soulcage,26,"9,765",862,14,14,4,14,10,5,37,22,24,0,"3,800",Weak (150%),Normal (100%),Normal (100%),Normal (100%),Normal (100%),Normal (100%),Weak (150%),Half,MissingEntry,Immune,Immune,Immune,Immune,-,Immune,Immune,MissingEntry,Immune,Immune,Immune,Immune,Immune,-,Immune,-,-,Immune,-,-,Immune,Immune,Immune,Immune,Immune,-,Immune,MissingEntry,MissingEntry,MissingEntry,MissingEntry,"Shockwave, Mustard Bomb, Fire Blades, LV5 Death, Leaf Swirl, Fira, Fire Blades",MissingEntry,MissingEntry,MissingEntry,MissingEntry,MissingEntry

Scarlet Hair (boss),22,"8,985","5,865",13,10,3,13,10,5,31,20,50,0,"4,790",Normal (100%),Normal (100%),Normal (100%),Normal (100%),Normal (100%),Normal (100%),Normal (100%),Normal (100%),MissingEntry,Immune,Immune,Immune,-,Immune,Immune,Immune,MissingEntry,Immune,Immune,Immune,Immune,Immune,-,Immune,-,-,Immune,-,-,Immune,Immune,-,Immune,Immune,-,Immune,MissingEntry,MissingEntry,MissingEntry,MissingEntry,"Death, Counter",MissingEntry,MissingEntry,MissingEntry,MissingEntry,MissingEntry

Mistodon,19,"1,473",602,12,14,3,12,10,4,29,19,23,"2,548",747,Normal (100%),Normal (100%),Normal (100%),Normal (100%),Normal (100%),Normal (100%),Weak (150%),Half,MissingEntry,-,-,Immune,-,-,-,-,MissingEntry,-,-,-,Immune,-,-,-,-,-,-,-,-,-,-,Immune,-,-,-,-,MissingEntry,MissingEntry,MissingEntry,MissingEntry,"Head Attack, Fira, Mist",MissingEntry,MissingEntry,MissingEntry,MissingEntry,MissingEntry

Mistodon,56,"11,434","2,301",21,14,6,21,10,8,73,37,30,"24,276","2,023",Weak (150%),Normal (100%),Normal (100%),Normal (100%),Normal (100%),Normal (100%),Weak (150%),Half,MissingEntry,-,-,Immune,-,-,-,-,MissingEntry,-,-,-,Immune,-,-,-,-,-,-,-,-,-,-,Immune,-,-,-,-,MissingEntry,MissingEntry,MissingEntry,MissingEntry,"Head Attack, Fira, Mist",MissingEntry,MissingEntry,MissingEntry,MissingEntry,MissingEntry

Gigan Octopus,31,"3,584","1,044",15,10,4,15,10,5,43,25,25,"6,096","1,840",Normal (100%),Normal (100%),Weak (150%),Half,Weak (150%),Immune (0%),Normal (100%),Normal (100%),MissingEntry,-,-,Immune,-,-,-,-,MissingEntry,Immune,Immune,-,Immune,-,-,-,-,-,Immune,-,-,-,-,Immune,-,-,-,-,MissingEntry,MissingEntry,MissingEntry,MissingEntry,"6 Legs, Blizzaga, Ink, Mighty Guard",MissingEntry,MissingEntry,MissingEntry,MissingEntry,MissingEntry

Adamantoise (Final Fantasy IX),31,"3,587","1,043",15,17,4,15,8,5,43,25,25,"5,096","4,433",Normal (100%),Normal (100%),Weak (150%),Half,Normal (100%),Normal (100%),Normal (100%),Normal (100%),MissingEntry,-,-,Immune,-,-,-,-,MissingEntry,Immune,-,-,Immune,-,-,-,-,-,-,-,-,-,-,Immune,-,-,-,-,MissingEntry,MissingEntry,MissingEntry,MissingEntry,"Heave, Thundara, Earth Shake, Limit Glove",MissingEntry,MissingEntry,MissingEntry,MissingEntry,MissingEntry

Whale Zombie,32,"3,730","1,066",15,10,4,15,10,5,44,25,43,"6,609","1,528",Weak (150%),Normal (100%),Weak (150%),Half,Weak (150%),Immune (0%),Weak (150%),Half,MissingEntry,-,-,Immune,-,-,-,-,MissingEntry,Immune,Immune,-,Immune,-,-,-,-,-,Immune,-,-,-,-,Immune,-,-,-,-,MissingEntry,MissingEntry,MissingEntry,MissingEntry,"Fin, Death, Zombie Powder, Ultra Sound Wave, Venom Breath",MissingEntry,MissingEntry,MissingEntry,MissingEntry,MissingEntry

Grand Dragon,60,"13,206","2,550",22,10,6,22,10,8,87,39,50,"35,208","2,604",Normal (100%),Weak (150%),Half,Normal (100%),Normal (100%),Normal (100%),Normal (100%),Normal (100%),MissingEntry,-,-,Immune,Immune,Immune,-,-,MissingEntry,Immune,-,-,Immune,-,-,-,-,-,-,-,-,-,-,Immune,-,-,-,-,MissingEntry,MissingEntry,MissingEntry,MissingEntry,"Poison Claw, Thundaga, Venom Breath, Thundaga",MissingEntry,MissingEntry,MissingEntry,MissingEntry,MissingEntry

Gimme Cat,36,"4,683","1,240",16,10,4,16,10,6,49,27,26,4,"5,000",Absorbs (-100%),Absorbs (-100%),Absorbs (-100%),Absorbs (-100%),Absorbs (-100%),Absorbs (-100%),Absorbs (-100%),Absorbs (-100%),MissingEntry,-,-,Immune,-,-,-,-,MissingEntry,Immune,Immune,-,Immune,-,-,-,-,-,Immune,-,-,-,-,Immune,-,-,-,-,MissingEntry,MissingEntry,MissingEntry,MissingEntry,"Scratch, Screech, Aera, Meow! I'm mad!",MissingEntry,MissingEntry,MissingEntry,MissingEntry,MissingEntry

Anemone (Final Fantasy IX),31,"3,586","1,045",15,10,4,15,10,5,43,25,25,"5,080","1,137",Normal (100%),Normal (100%),Weak (150%),Half,Normal (100%),Normal (100%),Normal (100%),Normal (100%),MissingEntry,-,-,Immune,-,-,-,-,MissingEntry,Immune,Immune,-,Immune,-,-,-,-,-,-,-,-,-,-,Immune,-,-,-,-,MissingEntry,MissingEntry,MissingEntry,MissingEntry,"Mucus, Water, Blizzara",MissingEntry,MissingEntry,MissingEntry,MissingEntry,MissingEntry

Land Worm (Final Fantasy IX),29,"5,296",997,15,7,4,15,10,5,41,24,25,"5,151","1,316",Normal (100%),Normal (100%),Normal (100%),Absorbs (-100%),Normal (100%),Normal (100%),Normal (100%),Normal (100%),MissingEntry,-,-,Immune,-,-,-,-,MissingEntry,Immune,Immune,-,Immune,-,-,-,-,-,-,-,-,-,-,Immune,-,-,-,-,MissingEntry,MissingEntry,MissingEntry,MissingEntry,"Sandstorm, Maelstrom, Demi",MissingEntry,MissingEntry,MissingEntry,MissingEntry,MissingEntry

Ogre (Final Fantasy IX),32,"3,727","1,067",15,10,4,15,10,5,44,25,25,"5,507","1,204",Normal (100%),Normal (100%),Normal (100%),Normal (100%),Normal (100%),Normal (100%),Normal (100%),Normal (100%),MissingEntry,-,-,Immune,-,-,-,-,MissingEntry,-,-,-,Immune,-,-,-,-,-,-,-,-,-,-,-,-,-,-,-,MissingEntry,MissingEntry,MissingEntry,MissingEntry,"Knife, Flame, Trouble Knife",MissingEntry,MissingEntry,MissingEntry,MissingEntry,MissingEntry

Ogre (Final Fantasy IX),29,"3,300",996,15,10,4,15,10,5,41,24,25,"5,151","1,281",Normal (100%),Normal (100%),Normal (100%),Normal (100%),Normal (100%),Normal (100%),Normal (100%),Normal (100%),MissingEntry,-,-,Immune,-,-,-,-,MissingEntry,-,-,-,Immune,-,-,-,-,-,-,-,-,-,-,-,-,-,-,-,MissingEntry,MissingEntry,MissingEntry,MissingEntry,"Knife, Flame, Trouble Knife",MissingEntry,MissingEntry,MissingEntry,MissingEntry,MissingEntry

Grimlock,30,"3,292","1,018",15,10,4,15,8,5,41,24,25,"6,610","1,363",Weak (150%),Weak (150%),Weak (150%),Normal (100%),Normal (100%),Normal (100%),Normal (100%),Normal (100%),MissingEntry,-,-,Immune,-,-,-,-,MissingEntry,Immune,Immune,-,Immune,-,-,-,-,-,-,-,-,-,-,Immune,-,-,-,-,MissingEntry,MissingEntry,MissingEntry,MissingEntry,"The Drop, Stop, Magic Attack Blue, Slow, Sleep, Counter, Silence",MissingEntry,MissingEntry,MissingEntry,MissingEntry,MissingEntry

Grimlock,30,"3,292","1,018",15,10,4,15,8,5,41,24,25,"6,610","1,363",Weak (150%),Weak (150%),Weak (150%),Normal (100%),Normal (100%),Normal (100%),Normal (100%),Normal (100%),MissingEntry,-,-,Immune,-,-,-,-,MissingEntry,Immune,Immune,-,Immune,-,-,-,-,-,-,-,-,-,-,Immune,-,-,-,-,MissingEntry,MissingEntry,MissingEntry,MissingEntry,"The Drop, Stop, Physical Attack Red, Slow, Sleep, Counter, Silence, Stretch",MissingEntry,MissingEntry,MissingEntry,MissingEntry,MissingEntry

Jabberwock (Final Fantasy IX),30,"3,442","1,019",15,10,4,15,10,5,42,24,25,"4,675","1,156",Normal (100%),Normal (100%),Weak (150%),Half,Normal (100%),Normal (100%),Half,Weak (150%),MissingEntry,-,-,Immune,-,-,-,-,MissingEntry,Immune,Immune,-,Immune,-,-,-,-,-,-,-,-,-,-,-,-,-,-,-,MissingEntry,MissingEntry,MissingEntry,MissingEntry,"Heavy, Aera, Light, Earthquake, Everyone Light, Limit Glove",MissingEntry,MissingEntry,MissingEntry,MissingEntry,MissingEntry

Jabberwock (Final Fantasy IX),31,"3,582","1,042",15,10,4,15,10,5,43,25,25,0,0,Normal (100%),Normal (100%),Weak (150%),Half,Normal (100%),Normal (100%),Half,Weak (150%),MissingEntry,Immune,Immune,Immune,-,-,Immune,Immune,MissingEntry,Immune,Immune,Immune,Immune,Immune,Immune,Immune,-,-,Immune,-,-,Immune,Immune,Immune,Immune,Immune,-,Immune,MissingEntry,MissingEntry,MissingEntry,MissingEntry,None,MissingEntry,MissingEntry,MissingEntry,MissingEntry,MissingEntry

Armstrong (Final Fantasy IX),33,"4,204","1,165",16,17,4,16,8,6,46,26,26,"7,150","1,456",Normal (100%),Normal (100%),Normal (100%),Normal (100%),Normal (100%),Normal (100%),Normal (100%),Normal (100%),MissingEntry,-,-,Immune,-,-,-,-,MissingEntry,Immune,Immune,-,Immune,-,-,-,-,-,-,-,-,-,-,Immune,-,-,-,-,MissingEntry,MissingEntry,MissingEntry,MissingEntry,"Cannon, Thundara, Berserk, Matra Magic",MissingEntry,MissingEntry,MissingEntry,MissingEntry,MissingEntry

Catoblepas (Final Fantasy IX),32,"3,727","1,069",15,10,4,15,10,5,44,25,25,"6,609","1,421",Normal (100%),Normal (100%),Normal (100%),Normal (100%),Normal (100%),Normal (100%),Normal (100%),Normal (100%),MissingEntry,-,-,Immune,-,-,-,-,MissingEntry,-,-,-,Immune,-,-,-,-,-,-,-,-,-,-,Immune,-,-,-,-,MissingEntry,MissingEntry,MissingEntry,MissingEntry,"Heave, Thundara, Earthquake, Devilâ€™s Bell, Limit Glove",MissingEntry,MissingEntry,MissingEntry,MissingEntry,MissingEntry

Epitaph (Final Fantasy IX),32,"3,732",300,15,17,4,15,8,5,44,25,25,0,0,Normal (100%),Normal (100%),Normal (100%),Normal (100%),Normal (100%),Normal (100%),Normal (100%),Normal (100%),MissingEntry,Immune,Immune,Immune,-,-,Immune,Immune,MissingEntry,Immune,Immune,Immune,Immune,Immune,-,Immune,-,-,Immune,-,-,Immune,Immune,Immune,Immune,Immune,-,Immune,MissingEntry,MissingEntry,MissingEntry,MissingEntry,"Mirror, Petrify",MissingEntry,MissingEntry,MissingEntry,MissingEntry,MissingEntry

Zidane (Mirror),32,"1,867","1,066",15,10,4,15,10,5,44,25,25,"9,913","2,218",Normal (100%),Normal (100%),Normal (100%),Normal (100%),Normal (100%),Normal (100%),Weak (150%),Half,MissingEntry,-,-,Immune,-,-,-,-,MissingEntry,Immune,Immune,-,Immune,-,-,-,-,-,-,-,-,-,-,-,-,-,-,-,MissingEntry,MissingEntry,MissingEntry,MissingEntry,"""I'm the real Zidane!""",MissingEntry,MissingEntry,MissingEntry,MissingEntry,MissingEntry

Vivi (Mirror),32,"1,867","1,066",15,7,4,15,18,5,44,25,25,"9,913","2,218",Normal (100%),Normal (100%),Normal (100%),Normal (100%),Normal (100%),Normal (100%),Weak (150%),Half,MissingEntry,-,-,Immune,-,-,-,-,MissingEntry,Immune,Immune,-,Immune,-,-,-,-,-,-,-,-,-,-,-,-,-,-,-,MissingEntry,MissingEntry,MissingEntry,MissingEntry,"""I'm Vivi!""",MissingEntry,MissingEntry,MissingEntry,MissingEntry,MissingEntry

Dagger (Mirror),32,"1,867","1,066",15,7,4,15,18,5,44,25,25,"9,913","2,218",Normal (100%),Normal (100%),Normal (100%),Normal (100%),Normal (100%),Normal (100%),Weak (150%),Half,MissingEntry,-,-,Immune,-,-,-,-,MissingEntry,Immune,Immune,-,Immune,-,-,-,-,-,-,-,-,-,-,-,-,-,-,-,MissingEntry,MissingEntry,MissingEntry,MissingEntry,"""I am Dagger.""",MissingEntry,MissingEntry,MissingEntry,MissingEntry,MissingEntry

Steiner (Mirror),32,"1,867","1,066",15,10,4,15,10,5,44,25,25,"9,913","2,218",Normal (100%),Normal (100%),Normal (100%),Normal (100%),Normal (100%),Normal (100%),Weak (150%),Half,MissingEntry,-,-,Immune,-,-,-,-,MissingEntry,Immune,Immune,-,Immune,-,-,-,-,-,-,-,-,-,-,-,-,-,-,-,MissingEntry,MissingEntry,MissingEntry,MissingEntry,"""I am Steiner.""",MissingEntry,MissingEntry,MissingEntry,MissingEntry,MissingEntry

Freya (Mirror),32,"1,867","1,066",15,10,4,15,10,5,44,25,25,"9,913","2,218",Normal (100%),Normal (100%),Normal (100%),Normal (100%),Normal (100%),Normal (100%),Weak (150%),Half,MissingEntry,-,-,Immune,-,-,-,-,MissingEntry,Immune,Immune,-,Immune,-,-,-,-,-,-,-,-,-,-,-,-,-,-,-,MissingEntry,MissingEntry,MissingEntry,MissingEntry,"""I'm Freya.""",MissingEntry,MissingEntry,MissingEntry,MissingEntry,MissingEntry

Quina (Mirror),32,"1,867","1,066",15,7,4,15,18,5,44,25,25,"9,913","2,218",Normal (100%),Normal (100%),Normal (100%),Normal (100%),Normal (100%),Normal (100%),Weak (150%),Half,MissingEntry,-,-,Immune,-,-,-,-,MissingEntry,Immune,Immune,-,Immune,-,-,-,-,-,-,-,-,-,-,-,-,-,-,-,MissingEntry,MissingEntry,MissingEntry,MissingEntry,"""I Quina!""",MissingEntry,MissingEntry,MissingEntry,MissingEntry,MissingEntry

Eiko (Mirror),32,"1,867","1,066",15,7,4,15,18,5,44,25,25,"9,913","2,218",Normal (100%),Normal (100%),Normal (100%),Normal (100%),Normal (100%),Normal (100%),Weak (150%),Half,MissingEntry,-,-,Immune,-,-,-,-,MissingEntry,Immune,Immune,-,Immune,-,-,-,-,-,-,-,-,-,-,-,-,-,-,-,MissingEntry,MissingEntry,MissingEntry,MissingEntry,"""I'm Eiko!""",MissingEntry,MissingEntry,MissingEntry,MissingEntry,MissingEntry

Amarant (Mirror),32,"1,867","1,066",15,10,4,15,10,5,44,25,25,"9,913","2,218",Normal (100%),Normal (100%),Normal (100%),Normal (100%),Normal (100%),Normal (100%),Weak (150%),Half,MissingEntry,-,-,Immune,-,-,-,-,MissingEntry,Immune,Immune,-,Immune,-,-,-,-,-,-,-,-,-,-,-,-,-,-,-,MissingEntry,MissingEntry,MissingEntry,MissingEntry,"""I'm the real Amarant!""",MissingEntry,MissingEntry,MissingEntry,MissingEntry,MissingEntry

Garuda (Final Fantasy IX),35,"3,521","1,216",16,10,4,16,10,6,48,27,26,"6,933","1,279",Normal (100%),Normal (100%),Normal (100%),Normal (100%),Weak (150%),Immune (0%),Half,Weak (150%),MissingEntry,-,-,Immune,Immune,-,-,-,MissingEntry,Immune,Immune,-,Immune,-,-,-,-,-,Immune,-,-,-,-,Immune,-,-,-,-,MissingEntry,MissingEntry,MissingEntry,MissingEntry,"Aerial Slash, Firaga, Stop, Maelstrom",MissingEntry,MissingEntry,MissingEntry,MissingEntry,MissingEntry

Garuda (Final Fantasy IX),42,"6,583","1,570",18,10,5,18,10,6,56,30,27,0,0,Normal (100%),Normal (100%),Normal (100%),Normal (100%),Weak (150%),Immune (0%),Half,Weak (150%),MissingEntry,Immune,Immune,Immune,-,-,Immune,Immune,MissingEntry,Immune,Immune,Immune,Immune,Immune,Immune,Immune,-,-,Immune,-,-,Immune,Immune,Immune,Immune,Immune,-,Immune,MissingEntry,MissingEntry,MissingEntry,MissingEntry,None,MissingEntry,MissingEntry,MissingEntry,MissingEntry,MissingEntry

Ark (boss),38,"20,002","1,374",17,19,5,17,10,6,51,28,27,0,"5,964",Normal (100%),Normal (100%),Normal (100%),Normal (100%),Weak (150%),Immune (0%),Normal (100%),Normal (100%),MissingEntry,Immune,Immune,Immune,-,-,Immune,Immune,MissingEntry,Immune,Immune,Immune,Immune,Immune,-,Immune,-,-,Immune,-,-,Immune,Immune,Immune,Immune,Immune,-,Immune,MissingEntry,MissingEntry,MissingEntry,MissingEntry,"Propeller Wind, Whirlwind, Photon, Boomerang",MissingEntry,MissingEntry,MissingEntry,MissingEntry,MissingEntry

Torama (Final Fantasy IX),30,"3,292","1,018",15,10,4,15,8,5,41,24,25,"5,675","1,118",Normal (100%),Normal (100%),Absorbs (-100%),Weak (150%),Normal (100%),Normal (100%),Normal (100%),Normal (100%),MissingEntry,-,-,Immune,-,-,-,-,MissingEntry,Immune,Immune,-,Immune,-,-,-,-,-,-,-,-,-,-,Immune,-,-,-,-,MissingEntry,MissingEntry,MissingEntry,MissingEntry,"Bio, Poison, Osmose, Electrocute, Blaster",MissingEntry,MissingEntry,MissingEntry,MissingEntry,MissingEntry

Drakan,30,"3,292","1,018",15,7,4,15,7,5,41,24,25,"5,675","1,118",Normal (100%),Normal (100%),Normal (100%),Normal (100%),Weak (150%),Immune (0%),Normal (100%),Normal (100%),MissingEntry,-,-,Immune,-,-,-,-,MissingEntry,-,-,-,Immune,-,-,-,-,-,Immune,-,-,-,-,-,-,-,-,-,MissingEntry,MissingEntry,MissingEntry,MissingEntry,"Strike, Mind Blast, Mustard Bomb, Freeze, Bio, Vanish, Reflect",MissingEntry,MissingEntry,MissingEntry,MissingEntry,MissingEntry

Valia Pira,36,"12,119","9,999",16,20,4,16,10,6,47,27,26,0,"4,089",Normal (100%),Normal (100%),Normal (100%),Normal (100%),Weak (150%),Immune (0%),Normal (100%),Normal (100%),MissingEntry,Immune,Immune,Immune,Immune,-,Immune,Immune,MissingEntry,Immune,Immune,Immune,Immune,Immune,-,Immune,-,-,Immune,-,-,Immune,Immune,Immune,Immune,Immune,-,Immune,MissingEntry,MissingEntry,MissingEntry,MissingEntry,None,MissingEntry,MissingEntry,MissingEntry,MissingEntry,MissingEntry

Vepal,34,"4,363","1,188",16,10,4,16,10,6,47,26,26,"6,434","1,270",Weak (150%),Immune (0%),Normal (100%),Normal (100%),Weak (150%),Immune (0%),Normal (100%),Normal (100%),MissingEntry,-,-,Immune,-,-,-,-,MissingEntry,-,-,-,Immune,-,-,-,-,-,Immune,-,-,-,-,Immune,-,-,-,-,MissingEntry,MissingEntry,MissingEntry,MissingEntry,"Body Ram, Blizzaga, Freeze",MissingEntry,MissingEntry,MissingEntry,MissingEntry,MissingEntry

Vepal,35,"4,022","1,214",16,10,4,16,10,6,48,27,26,"6,933","1,326",Immune (0%),Weak (150%),Normal (100%),Normal (100%),Weak (150%),Immune (0%),Normal (100%),Normal (100%),MissingEntry,-,-,Immune,-,-,-,-,MissingEntry,-,-,-,Immune,-,-,-,-,-,Immune,-,-,-,-,Immune,-,-,-,-,MissingEntry,MissingEntry,MissingEntry,MissingEntry,"Cannon, Firaga, Flame, Mustard Bomb",MissingEntry,MissingEntry,MissingEntry,MissingEntry,MissingEntry

Grenade (Final Fantasy IX),36,"4,685","1,240",16,19,4,16,7,6,49,27,26,"7,459","1,336",Half,Weak (150%),Normal (100%),Normal (100%),Weak (150%),Immune (0%),Normal (100%),Normal (100%),MissingEntry,-,-,Immune,-,-,-,-,MissingEntry,Immune,Immune,-,Immune,-,-,-,-,-,Immune,-,-,-,-,Immune,-,-,-,-,MissingEntry,MissingEntry,MissingEntry,MissingEntry,"Cannon, Firaga, Flame",MissingEntry,MissingEntry,MissingEntry,MissingEntry,MissingEntry

Worm Hydra,37,"4,846","1,268",16,10,4,16,10,6,50,28,46,"8,010","1,345",Half,Weak (150%),Normal (100%),Normal (100%),Normal (100%),Normal (100%),Normal (100%),Normal (100%),MissingEntry,-,-,Immune,-,-,-,-,MissingEntry,Immune,Immune,-,Immune,-,-,-,-,-,-,-,-,-,-,Immune,-,-,-,-,MissingEntry,MissingEntry,MissingEntry,MissingEntry,"Lightning, Flame, Aero Breath, Venom Breath, Cold Breath",MissingEntry,MissingEntry,MissingEntry,MissingEntry,MissingEntry

Wraith (Final Fantasy IX),36,"4,686","1,239",16,7,4,16,20,6,49,27,26,"8,950","1,654",Weak (150%),Half,Normal (100%),Normal (100%),Weak (150%),Immune (0%),Weak (150%),Half,MissingEntry,-,-,Immune,-,-,-,-,MissingEntry,Immune,Immune,-,Immune,-,-,-,-,-,Immune,-,-,-,-,-,-,-,-,-,MissingEntry,MissingEntry,MissingEntry,MissingEntry,"Devilâ€™s Candle, Blizzaga, Doom, Firaga",MissingEntry,MissingEntry,MissingEntry,MissingEntry,MissingEntry

Wraith (Final Fantasy IX),37,"4,846","1,268",16,10,4,16,10,6,50,28,26,"8,010","1,345",Half,Weak (150%),Normal (100%),Normal (100%),Weak (150%),Immune (0%),Weak (150%),Half,MissingEntry,-,-,Immune,-,-,-,-,MissingEntry,Immune,Immune,-,Immune,-,-,-,-,-,Immune,-,-,-,-,-,-,-,-,-,MissingEntry,MissingEntry,MissingEntry,MissingEntry,"Devil's Candle, Blizzaga, Doom, Devil's Candle, Firaga, Doom",MissingEntry,MissingEntry,MissingEntry,MissingEntry,MissingEntry

Red Dragon (Final Fantasy IX),36,"8,000","1,242",16,10,4,16,10,6,51,27,26,"22,377","5,156",Halves (50%),Weak (150%),Normal (100%),Normal (100%),Weak (150%),Immune (0%),Normal (100%),Normal (100%),MissingEntry,-,-,Immune,-,-,-,-,MissingEntry,-,-,-,Immune,-,-,-,-,-,Immune,-,-,-,-,Immune,-,-,-,-,MissingEntry,MissingEntry,MissingEntry,MissingEntry,"Dive, Twister, Aerial Slash",MissingEntry,MissingEntry,MissingEntry,MissingEntry,MissingEntry

Zorn (cinematic enemy),5,193,250,9,10,2,9,20,3,12,12,20,0,0,Normal (100%),Normal (100%),Normal (100%),Normal (100%),Normal (100%),Normal (100%),Normal (100%),Normal (100%),MissingEntry,Immune,Immune,Immune,Immune,-,Immune,Immune,MissingEntry,Immune,Immune,Immune,Immune,Immune,Immune,Immune,-,-,Immune,-,-,Immune,Immune,Immune,Immune,-,-,Immune,MissingEntry,MissingEntry,MissingEntry,MissingEntry,None,MissingEntry,MissingEntry,MissingEntry,MissingEntry,MissingEntry

Thorn (cinematic enemy),5,194,252,9,10,2,9,20,3,12,12,20,0,0,Normal (100%),Normal (100%),Normal (100%),Normal (100%),Normal (100%),Normal (100%),Normal (100%),Normal (100%),MissingEntry,Immune,Immune,Immune,Immune,-,Immune,Immune,MissingEntry,Immune,Immune,Immune,Immune,Immune,Immune,Immune,-,-,Immune,-,-,Immune,Immune,Immune,Immune,-,-,Immune,MissingEntry,MissingEntry,MissingEntry,MissingEntry,None,MissingEntry,MissingEntry,MissingEntry,MissingEntry,MissingEntry

Meltigemini,42,"24,348","1,570",18,10,5,18,20,6,56,30,37,0,"6,428",Weak (150%),Normal (100%),Normal (100%),Normal (100%),Normal (100%),Normal (100%),Weak (150%),Halves (50%),MissingEntry,Immune,Immune,Immune,Immune,-,Immune,Immune,MissingEntry,Immune,Immune,Immune,Immune,Immune,Immune,Immune,-,-,Immune,-,-,Immune,Immune,Immune,Immune,-,-,Immune,MissingEntry,MissingEntry,MissingEntry,MissingEntry,"Wings, Bio, Viral Smoke, Venom Powder",MissingEntry,MissingEntry,MissingEntry,MissingEntry,MissingEntry

Yan (Final Fantasy IX),72,"19,465","3,378",25,10,7,25,10,9,92,45,50,"42,673","2,218",Normal (100%),Normal (100%),Normal (100%),Normal (100%),Normal (100%),Normal (100%),Half,Weak (150%),MissingEntry,-,-,Immune,Immune,-,-,-,MissingEntry,Immune,Immune,-,Immune,-,-,-,-,-,-,-,-,-,-,Immune,-,-,-,-,MissingEntry,MissingEntry,MissingEntry,MissingEntry,"Snort, Comet, Aera, Float, Virus Powder",MissingEntry,MissingEntry,MissingEntry,MissingEntry,MissingEntry

Yan (Final Fantasy IX),61,"65,535","2,588",22,255,255,22,255,255,79,40,50,0,0,Normal (100%),Normal (100%),Normal (100%),Normal (100%),Normal (100%),Normal (100%),Half,Weak (150%),MissingEntry,Immune,Immune,Immune,-,-,Immune,Immune,MissingEntry,Immune,Immune,Immune,Immune,Immune,Immune,Immune,-,-,Immune,-,-,Immune,Immune,Immune,Immune,Immune,-,Immune,MissingEntry,MissingEntry,MissingEntry,MissingEntry,"Give me an item, Escape, BAAAHHH!!!",MissingEntry,MissingEntry,MissingEntry,MissingEntry,MissingEntry

Amdusias (Final Fantasy IX),42,"6,578","1,568",18,10,5,18,10,6,56,30,27,0,0,Normal (100%),Normal (100%),Normal (100%),Normal (100%),Weak (150%),Immune (0%),Normal (100%),Normal (100%),MissingEntry,-,-,Immune,-,-,-,-,MissingEntry,Immune,Immune,-,Immune,-,-,-,-,-,Immune,-,-,-,-,Immune,Immune,-,-,Immune,MissingEntry,MissingEntry,MissingEntry,MissingEntry,"Horn, Bio, LV4 Holy, Thundara",MissingEntry,MissingEntry,MissingEntry,MissingEntry,MissingEntry

Amdusias (Final Fantasy IX),54,"20,926","9,282",21,10,6,21,10,7,70,36,30,"26,376","2,316",Normal (100%),Normal (100%),Normal (100%),Normal (100%),Weak (150%),Immune (0%),Normal (100%),Normal (100%),MissingEntry,Immune,Immune,Immune,Immune,Immune,Immune,Immune,MissingEntry,Immune,Immune,Immune,Immune,Immune,Immune,Immune,Immune,Immune,Immune,Immune,Immune,Immune,Immune,Immune,Immune,Immune,Immune,Immune,MissingEntry,MissingEntry,MissingEntry,MissingEntry,"Horn, Bio, LV4 Holy, Thundara",MissingEntry,MissingEntry,MissingEntry,MissingEntry,MissingEntry

Veteran (Final Fantasy IX),44,"6,972","1,627",18,10,5,18,10,7,59,31,28,"15,181","1,971",Normal (100%),Normal (100%),Half,Weak (150%),Weak (150%),Immune (0%),Weak (150%),Half,MissingEntry,-,-,Immune,-,-,-,-,MissingEntry,-,-,-,Immune,-,-,-,-,-,Immune,-,-,-,-,Immune,-,-,-,-,MissingEntry,MissingEntry,MissingEntry,MissingEntry,"Claw, Doom, Blaster, Roulette",MissingEntry,MissingEntry,MissingEntry,MissingEntry,MissingEntry

Cerberus (Final Fantasy IX),44,"6,977","1,625",18,10,5,18,10,7,59,31,28,"15,181","1,984",Normal (100%),Normal (100%),Normal (100%),Normal (100%),Normal (100%),Normal (100%),Normal (100%),Normal (100%),MissingEntry,-,-,Immune,-,-,-,-,MissingEntry,-,-,-,Immune,-,-,-,-,-,-,-,-,-,-,-,-,-,-,-,MissingEntry,MissingEntry,MissingEntry,MissingEntry,"Strike, Firaga, Flame",MissingEntry,MissingEntry,MissingEntry,MissingEntry,MissingEntry

Agares,43,"6,775","1,596",18,7,5,18,21,6,57,31,28,"14,279","1,945",Normal (100%),Normal (100%),Normal (100%),Normal (100%),Normal (100%),Normal (100%),Normal (100%),Normal (100%),MissingEntry,-,-,Immune,-,-,-,-,MissingEntry,Immune,Immune,-,Immune,-,-,-,-,-,-,-,-,-,-,-,-,-,-,-,MissingEntry,MissingEntry,MissingEntry,MissingEntry,"Charge, Break, Aerial Slash, Continue1, No action, Stona, Gradual Petrify, Rise, Bio, Osmose, Blizzara, Thundara, Freeze, Fira, Paper Storm",MissingEntry,MissingEntry,MissingEntry,MissingEntry,MissingEntry

Gargoyle (Final Fantasy IX),44,"6,977","1,628",18,10,5,18,10,7,59,31,28,"15,181","1,958",Normal (100%),Normal (100%),Normal (100%),Normal (100%),Weak (150%),Immune (0%),Normal (100%),Normal (100%),MissingEntry,Immune,Immune,Immune,-,-,Immune,Immune,MissingEntry,Immune,Immune,Immune,Immune,Immune,-,Immune,-,-,Immune,-,-,Immune,Immune,Immune,Immune,Immune,-,Immune,MissingEntry,MissingEntry,MissingEntry,MissingEntry,"Charge, Break, Aerial Slash, Stona, Gradual Petrify",MissingEntry,MissingEntry,MissingEntry,MissingEntry,MissingEntry

Tonberry (Final Fantasy IX),46,"7,886","1,779",19,35,5,19,31,7,61,32,50,"13,297","1,513",Normal (100%),Normal (100%),Normal (100%),Normal (100%),Normal (100%),Normal (100%),Normal (100%),Normal (100%),MissingEntry,Immune,Immune,Immune,Immune,Immune,Immune,Immune,MissingEntry,Immune,Immune,Immune,Immune,Immune,Immune,Immune,Immune,Immune,Immune,Immune,Immune,Immune,Immune,Immune,Immune,Immune,Immune,Immune,MissingEntry,MissingEntry,MissingEntry,MissingEntry,"Knife, Everyoneâ€™s Grudge",MissingEntry,MissingEntry,MissingEntry,MissingEntry,MissingEntry

Taharka,46,"29,186","1,776",19,21,5,19,10,7,61,32,28,0,"8,092",Weak (150%),Halves (50%),Normal (100%),Normal (100%),Weak (150%),Immune (0%),Normal (100%),Normal (100%),MissingEntry,Immune,Immune,Immune,-,Immune,Immune,Immune,MissingEntry,Immune,Immune,Immune,Immune,-,-,-,-,-,Immune,-,-,-,Immune,Immune,Immune,Immune,-,Immune,MissingEntry,MissingEntry,MissingEntry,MissingEntry,"Chop, Blizzaga, Ram, Curl",MissingEntry,MissingEntry,MissingEntry,MissingEntry,MissingEntry

Earth Guardian,54,"20,756","2,234",21,10,6,21,10,7,67,36,30,0,"4,512",Normal (100%),Normal (100%),Normal (100%),Normal (100%),Weak (150%),Absorbs (-100%),Weak (150%),Halves (50%),MissingEntry,Immune,Immune,Immune,Immune,-,Immune,Immune,MissingEntry,Immune,Immune,Immune,Immune,Immune,-,Immune,-,-,Immune,-,-,Immune,Immune,Immune,Immune,-,-,Immune,MissingEntry,MissingEntry,MissingEntry,MissingEntry,"Double Slash, Earthquake, Blizzaga, Thundaga, Firaga",MissingEntry,MissingEntry,MissingEntry,MissingEntry,MissingEntry

Ring Leader,51,"9,569","2,030",20,7,6,20,21,7,67,35,29,"18,816","1,868",Normal (100%),Normal (100%),Normal (100%),Normal (100%),Weak (150%),Immune (0%),Normal (100%),Normal (100%),MissingEntry,-,-,Immune,-,-,-,-,MissingEntry,Immune,Immune,-,Immune,-,-,-,-,-,Immune,-,-,-,-,-,-,-,-,-,MissingEntry,MissingEntry,MissingEntry,MissingEntry,"Bio, Blind, Silence, Virus Powder, Osmose, Reflect",MissingEntry,MissingEntry,MissingEntry,MissingEntry,MissingEntry

Hecteyes (Final Fantasy IX),51,"9,567","2,033",20,10,6,20,10,7,67,35,29,"17,096","2,049",Weak (150%),Normal (100%),Normal (100%),Normal (100%),Normal (100%),Normal (100%),Weak (150%),Half,MissingEntry,-,-,Immune,-,-,-,-,MissingEntry,Immune,Immune,-,Immune,-,-,-,-,-,-,-,-,-,-,Immune,-,-,-,-,MissingEntry,MissingEntry,MissingEntry,MissingEntry,"Absorb, Roulette, Hypnotize",MissingEntry,MissingEntry,MissingEntry,MissingEntry,MissingEntry

Mover (Final Fantasy IX),52,"7,352","2,064",20,10,6,20,8,7,68,35,30,"23,801","2,300",Weak (150%),Weak (150%),Weak (150%),Weak (150%),Weak (150%),Immune (0%),Weak (150%),Weak (150%),MissingEntry,Immune,Immune,Immune,Immune,Immune,Immune,Immune,MissingEntry,Immune,Immune,Immune,Immune,Immune,Immune,Immune,Immune,Immune,Immune,Immune,Immune,Immune,Immune,Immune,Immune,Immune,Immune,Immune,MissingEntry,MissingEntry,MissingEntry,MissingEntry,"Virus Combo, Firaga, Delta Attack",MissingEntry,MissingEntry,MissingEntry,MissingEntry,MissingEntry

Mover (Final Fantasy IX),52,"3,268","2,065",20,10,6,20,8,7,68,35,30,0,0,Weak (150%),Weak (150%),Weak (150%),Weak (150%),Weak (150%),Immune (0%),Weak (150%),Weak (150%),MissingEntry,Immune,Immune,Immune,Immune,Immune,Immune,Immune,MissingEntry,Immune,Immune,Immune,Immune,Immune,Immune,Immune,Immune,Immune,Immune,Immune,Immune,Immune,Immune,Immune,Immune,Immune,Immune,Immune,MissingEntry,MissingEntry,MissingEntry,MissingEntry,"Virus Combo, Firaga, Delta Attack",MissingEntry,MissingEntry,MissingEntry,MissingEntry,MissingEntry

Mover (Final Fantasy IX),52,"7,353","2,062",20,10,6,20,8,7,68,35,30,0,0,Weak (150%),Weak (150%),Weak (150%),Weak (150%),Weak (150%),Immune (0%),Weak (150%),Weak (150%),MissingEntry,Immune,Immune,Immune,Immune,Immune,Immune,Immune,MissingEntry,Immune,Immune,Immune,Immune,Immune,Immune,Immune,Immune,Immune,Immune,Immune,Immune,Immune,Immune,Immune,Immune,Immune,Immune,Immune,MissingEntry,MissingEntry,MissingEntry,MissingEntry,"Virus Combo, Firaga, Delta Attack",MissingEntry,MissingEntry,MissingEntry,MissingEntry,MissingEntry

Abadon (Final Fantasy IX),54,"10,926","9,383",21,10,6,21,10,7,70,36,30,"26,376","2,348",Normal (100%),Normal (100%),Normal (100%),Normal (100%),Weak (150%),Immune (0%),Normal (100%),Normal (100%),MissingEntry,Immune,Immune,Immune,Immune,Immune,Immune,Immune,MissingEntry,Immune,Immune,Immune,Immune,Immune,Immune,Immune,Immune,Immune,Immune,Immune,Immune,Immune,Immune,Immune,Immune,Immune,Immune,Immune,MissingEntry,MissingEntry,MissingEntry,MissingEntry,"Blade, Thundaga, High Wind, No action",MissingEntry,MissingEntry,MissingEntry,MissingEntry,MissingEntry

Abadon (Final Fantasy IX),58,"12,658","2,479",22,10,6,22,10,8,75,38,36,"32,073","2,604",Normal (100%),Normal (100%),Normal (100%),Normal (100%),Weak (150%),Immune (0%),Normal (100%),Normal (100%),MissingEntry,-,-,Immune,-,-,-,-,MissingEntry,-,-,-,Immune,-,-,-,-,-,Immune,-,-,-,-,Immune,-,Immune,-,-,MissingEntry,MissingEntry,MissingEntry,MissingEntry,"Blade, Thundaga, High Wind, Virus Fly",MissingEntry,MissingEntry,MissingEntry,MissingEntry,MissingEntry

Shell Dragon,54,"10,921","9,335",21,19,6,21,7,7,70,36,30,"26,376","2,332",Normal (100%),Weak (150%),Normal (100%),Normal (100%),Normal (100%),Normal (100%),Normal (100%),Normal (100%),MissingEntry,Immune,Immune,Immune,Immune,Immune,Immune,Immune,MissingEntry,Immune,Immune,Immune,Immune,Immune,Immune,Immune,Immune,Immune,Immune,Immune,Immune,Immune,Immune,Immune,Immune,Immune,Immune,Immune,MissingEntry,MissingEntry,MissingEntry,MissingEntry,"Smash, Earth Shake, Snort, Charge, No action, Daggerâ€™s magic, Camera use",MissingEntry,MissingEntry,MissingEntry,MissingEntry,MissingEntry

Shell Dragon,58,"12,661","2,482",22,22,6,22,7,8,75,38,36,"32,073","2,588",Normal (100%),Weak (150%),Normal (100%),Normal (100%),Normal (100%),Normal (100%),Normal (100%),Normal (100%),MissingEntry,-,-,Immune,-,-,-,-,MissingEntry,Immune,Immune,-,Immune,-,-,-,-,-,Immune,-,-,-,-,Immune,-,-,-,-,MissingEntry,MissingEntry,MissingEntry,MissingEntry,"Smash, Earth Shake, Snort, Charge",MissingEntry,MissingEntry,MissingEntry,MissingEntry,MissingEntry

Malboro (Final Fantasy IX),57,"11,687","2,334",21,10,6,21,10,8,74,38,36,"30,579","2,572",Normal (100%),Normal (100%),Normal (100%),Normal (100%),Normal (100%),Normal (100%),Normal (100%),Normal (100%),MissingEntry,-,-,Immune,-,-,-,-,MissingEntry,Immune,Immune,-,Immune,-,-,-,-,-,Immune,-,-,-,-,Immune,-,-,-,-,MissingEntry,MissingEntry,MissingEntry,MissingEntry,"Bad Breath, Thundaga, Virus Tentacles, Absorb, Osmose",MissingEntry,MissingEntry,MissingEntry,MissingEntry,MissingEntry

Silver Dragon (Final Fantasy IX),58,"24,055","9,999",22,10,6,22,10,8,75,38,50,0,"5,240",Normal (100%),Weak (150%),Normal (100%),Normal (100%),Weak (150%),Immune (0%),Normal (100%),Normal (100%),MissingEntry,Immune,Immune,Immune,-,-,Immune,Immune,MissingEntry,Immune,Immune,Immune,Immune,Immune,-,Immune,-,-,Immune,-,-,Immune,Immune,Immune,Immune,Immune,-,Immune,MissingEntry,MissingEntry,MissingEntry,MissingEntry,"Claw, Twister, Shockwave, Aerial Slash",MissingEntry,MissingEntry,MissingEntry,MissingEntry,MissingEntry

Garland (Final Fantasy IX boss),62,"40,728","9,999",23,10,7,23,24,8,80,40,50,0,0,Normal (100%),Normal (100%),Normal (100%),Normal (100%),Normal (100%),Normal (100%),Normal (100%),Normal (100%),MissingEntry,Immune,Immune,Immune,-,-,Immune,Immune,MissingEntry,Immune,Immune,Immune,Immune,Immune,Immune,Immune,-,-,-,-,-,Immune,Immune,Immune,Immune,Immune,-,Immune,MissingEntry,MissingEntry,MissingEntry,MissingEntry,"Wave, Flare, Psychokinesis, Stop",MissingEntry,MissingEntry,MissingEntry,MissingEntry,MissingEntry

Kuja (boss),64,"42,382","9,999",23,10,7,23,24,8,82,41,50,0,0,Normal (100%),Normal (100%),Normal (100%),Normal (100%),Normal (100%),Normal (100%),Normal (100%),Normal (100%),MissingEntry,Immune,Immune,Immune,Immune,-,Immune,Immune,MissingEntry,Immune,Immune,Immune,Immune,Immune,Immune,Immune,-,-,Immune,-,-,Immune,Immune,Immune,Immune,Immune,-,Immune,MissingEntry,MissingEntry,MissingEntry,MissingEntry,"Thundaga, Demi, Flare Star, Ultima",MissingEntry,MissingEntry,MissingEntry,MissingEntry,MissingEntry

Ragtime Mouse,31,"3,584","1,045",15,255,4,15,255,5,43,25,25,"23,852","59,630",Normal (100%),Normal (100%),Normal (100%),Normal (100%),Normal (100%),Normal (100%),Normal (100%),Normal (100%),MissingEntry,Immune,Immune,Immune,Immune,Immune,Immune,Immune,MissingEntry,Immune,Immune,Immune,Immune,Immune,Immune,Immune,Immune,Immune,Immune,Immune,Immune,Immune,Immune,Immune,Immune,Immune,Immune,Immune,MissingEntry,MissingEntry,MissingEntry,MissingEntry,"Read Quiz, No action, Escape, Wrong!!!, Correct!!!",MissingEntry,MissingEntry,MissingEntry,MissingEntry,MissingEntry

Ragtime Mouse,31,"3,584","1,045",15,255,4,15,255,5,43,25,25,"23,852","59,630",Normal (100%),Normal (100%),Normal (100%),Normal (100%),Normal (100%),Normal (100%),Normal (100%),Normal (100%),MissingEntry,Immune,Immune,Immune,Immune,Immune,Immune,Immune,MissingEntry,Immune,Immune,Immune,Immune,Immune,Immune,Immune,Immune,Immune,Immune,Immune,Immune,Immune,Immune,Immune,Immune,Immune,Immune,Immune,MissingEntry,MissingEntry,MissingEntry,MissingEntry,"Read Quiz, No action, Escape, Wrong!!!, Correct!!!",MissingEntry,MissingEntry,MissingEntry,MissingEntry,MissingEntry

Behemoth (Final Fantasy IX),71,"24,123","3,338",25,10,7,25,10,9,95,45,44,"53,168","2,764",Normal (100%),Weak (150%),Normal (100%),Normal (100%),Normal (100%),Normal (100%),Normal (100%),Normal (100%),MissingEntry,-,-,Immune,-,-,-,-,MissingEntry,-,-,-,Immune,-,-,-,-,-,-,-,-,-,-,Immune,-,-,-,-,MissingEntry,MissingEntry,MissingEntry,MissingEntry,"Strike, Meteor Counter, Heave",MissingEntry,MissingEntry,MissingEntry,MissingEntry,MissingEntry

Quale (boss),76,"65,535","3,680",26,10,8,26,24,9,96,47,50,"65,535","10,800",Normal (100%),Normal (100%),Weak (150%),Absorbs (-100%),Normal (100%),Normal (100%),Normal (100%),Normal (100%),MissingEntry,Immune,Immune,Immune,Immune,Immune,Immune,Immune,MissingEntry,Immune,Immune,Immune,Immune,Immune,Immune,Immune,-,-,Immune,-,-,Immune,Immune,-,Immune,Immune,-,Immune,MissingEntry,MissingEntry,MissingEntry,MissingEntry,"Rolling Attack, Water, Aqua Breath, Mini, Poison, Confuse, Blind, Silence",MissingEntry,MissingEntry,MissingEntry,MissingEntry,MissingEntry

Ozma,MissingEntry,MissingEntry,MissingEntry,MissingEntry,MissingEntry,MissingEntry,MissingEntry,MissingEntry,MissingEntry,MissingEntry,MissingEntry,MissingEntry,MissingEntry,MissingEntry,MissingEntry,MissingEntry,MissingEntry,MissingEntry,MissingEntry,MissingEntry,MissingEntry,MissingEntry,MissingEntry,MissingEntry,MissingEntry,MissingEntry,MissingEntry,MissingEntry,MissingEntry,MissingEntry,MissingEntry,MissingEntry,MissingEntry,MissingEntry,MissingEntry,MissingEntry,MissingEntry,MissingEntry,MissingEntry,MissingEntry,MissingEntry,MissingEntry,MissingEntry,MissingEntry,MissingEntry,MissingEntry,MissingEntry,MissingEntry,MissingEntry,MissingEntry,MissingEntry,MissingEntry,MissingEntry,MissingEntry,MissingEntry,MissingEntry,MissingEntry,MissingEntry,MissingEntry,MissingEntry

Nova Dragon (Final Fantasy IX),67,"54,940","9,999",24,10,7,24,10,9,86,43,50,0,"9,506",Normal (100%),Weak (150%),Normal (100%),Normal (100%),Weak (150%),Immune (0%),Normal (100%),Normal (100%),MissingEntry,Immune,Immune,Immune,-,-,Immune,Immune,MissingEntry,Immune,Immune,Immune,Immune,Immune,-,Immune,-,-,Immune,-,-,Immune,Immune,Immune,Immune,Immune,-,Immune,MissingEntry,MissingEntry,MissingEntry,MissingEntry,"Counter, Twister, Shockwave, Death, Tidal Wave, Psychokinesis, Aerial Slash",MissingEntry,MissingEntry,MissingEntry,MissingEntry,MissingEntry

Chimera (Final Fantasy IX),67,"21,901","3,053",24,10,7,24,10,9,86,43,43,"42,785","2,732",Normal (100%),Weak (150%),Normal (100%),Normal (100%),Normal (100%),Normal (100%),Normal (100%),Normal (100%),MissingEntry,-,-,Immune,-,-,-,-,MissingEntry,Immune,Immune,-,Immune,-,-,-,-,-,-,-,-,-,-,Immune,-,-,-,-,MissingEntry,MissingEntry,MissingEntry,MissingEntry,"Virus Crunch, Firaga, Lightning, Venom Breath, Cold Breath",MissingEntry,MissingEntry,MissingEntry,MissingEntry,MissingEntry

Iron Man (Final Fantasy IX),68,"21,217","3,091",24,25,7,24,8,9,91,43,43,"42,996","2,796",Normal (100%),Normal (100%),Weak (150%),Normal (100%),Normal (100%),Normal (100%),Normal (100%),Normal (100%),MissingEntry,-,-,Immune,-,-,-,-,MissingEntry,-,-,-,Immune,-,-,-,-,-,-,-,-,-,-,-,-,-,-,-,MissingEntry,MissingEntry,MissingEntry,MissingEntry,"Fist, Protect, Helm Divide, Cleave, Might, Vanish",MissingEntry,MissingEntry,MissingEntry,MissingEntry,MissingEntry

Ash (Final Fantasy IX),66,"21,591","3,014",24,10,7,24,24,9,85,42,43,"40,329","2,748",Normal (100%),Normal (100%),Normal (100%),Normal (100%),Weak (150%),Immune (0%),Normal (100%),Normal (100%),MissingEntry,-,-,Immune,-,-,-,-,MissingEntry,Immune,Immune,-,Immune,-,-,-,-,-,Immune,-,-,-,-,Immune,-,-,-,-,MissingEntry,MissingEntry,MissingEntry,MissingEntry,"Doom, Death, Snowstorm, Stop, Reflect",MissingEntry,MissingEntry,MissingEntry,MissingEntry,MissingEntry

Maliris,72,"59,497","3,381",25,10,7,25,10,9,92,45,49,0,"8,532",Absorbs (-100%),Weak (150%),Normal (100%),Normal (100%),Normal (100%),Normal (100%),Normal (100%),Normal (100%),MissingEntry,Immune,Immune,Immune,Immune,Immune,Immune,Immune,MissingEntry,Immune,Immune,Immune,Immune,Immune,-,Immune,-,-,Immune,-,-,Immune,Immune,Immune,Immune,Immune,-,Immune,MissingEntry,MissingEntry,MissingEntry,MissingEntry,"Sword Quiver, Esuna, Flame Slash, Raining Swords, Reflect, Mustard Bomb",MissingEntry,MissingEntry,MissingEntry,MissingEntry,MissingEntry

Maliris,69,"22,535","3,127",24,10,7,24,10,9,88,44,48,0,"2,860",Absorbs (-100%),Weak (150%),Normal (100%),Normal (100%),Normal (100%),Normal (100%),Normal (100%),Normal (100%),MissingEntry,-,-,Immune,-,Immune,-,-,MissingEntry,Immune,-,-,Immune,-,-,-,-,-,-,-,-,Immune,-,-,-,-,-,-,MissingEntry,MissingEntry,MissingEntry,MissingEntry,"Sword Quiver, Esuna",MissingEntry,MissingEntry,MissingEntry,MissingEntry,MissingEntry

Tiamat (Final Fantasy IX),72,"59,494","3,381",25,10,7,25,10,9,92,45,49,0,"8,820",Normal (100%),Weak (150%),Normal (100%),Normal (100%),Absorbs (-100%),Normal (100%),Normal (100%),Normal (100%),MissingEntry,Immune,Immune,Immune,-,Immune,Immune,Immune,MissingEntry,Immune,Immune,Immune,Immune,Immune,-,Immune,-,-,Immune,-,-,Immune,Immune,Immune,Immune,Immune,-,Immune,MissingEntry,MissingEntry,MissingEntry,MissingEntry,"Silent Claw, Twister, Absorb MP, Absorb Magic, Absorb Strength, Snort, Jet Fire, Float",MissingEntry,MissingEntry,MissingEntry,MissingEntry,MissingEntry

Tiamat (Final Fantasy IX),71,"24,127","3,338",25,10,7,25,10,9,90,45,49,0,"2,956",Normal (100%),Weak (150%),Normal (100%),Normal (100%),Absorbs (-100%),Normal (100%),Normal (100%),Normal (100%),MissingEntry,-,-,Immune,-,-,-,-,MissingEntry,Immune,-,-,Immune,-,-,-,-,-,Immune,-,-,-,-,Immune,-,-,-,-,MissingEntry,MissingEntry,MissingEntry,MissingEntry,"Silent Claw, Twister, Absorb MP, Absorb Magic, Absorb Strength, Jet Fire",MissingEntry,MissingEntry,MissingEntry,MissingEntry,MissingEntry

Stilva (Final Fantasy IX),67,"21,906","3,053",24,24,7,24,7,9,90,43,43,"42,785","2,780",Normal (100%),Normal (100%),Normal (100%),Weak (150%),Normal (100%),Normal (100%),Normal (100%),Normal (100%),MissingEntry,-,-,Immune,-,-,-,-,MissingEntry,Immune,-,-,Immune,-,-,-,-,-,-,-,-,-,-,Immune,-,-,-,-,MissingEntry,MissingEntry,MissingEntry,MissingEntry,"Sting, Firaga, Red Clipper",MissingEntry,MissingEntry,MissingEntry,MissingEntry,MissingEntry

Kraken (Final Fantasy IX),72,"55,536[note 1]","3,380",25,10,7,25,10,9,92,45,39,0,"8,628",Normal (100%),Half,Weak (150%),Absorbs (-100%),Normal (100%),Normal (100%),Normal (100%),Normal (100%),MissingEntry,Immune,Immune,Immune,Immune,Immune,Immune,Immune,MissingEntry,Immune,Immune,Immune,Immune,Immune,Immune,Immune,-,-,Immune,-,-,Immune,Immune,Immune,Immune,Immune,-,Immune,MissingEntry,MissingEntry,MissingEntry,MissingEntry,"Leg, Waterga, Ink, Water-gun, Freeze, Esuna",MissingEntry,MissingEntry,MissingEntry,MissingEntry,MissingEntry

Kraken (Final Fantasy IX),72,"23,354","3,381",25,10,7,25,10,9,92,45,49,0,"4,338",Normal (100%),Half,Weak (150%),Absorbs (-100%),Normal (100%),Normal (100%),Normal (100%),Normal (100%),MissingEntry,-,-,Immune,-,-,-,-,MissingEntry,-,-,-,Immune,-,Immune,-,-,-,Immune,-,-,-,Immune,Immune,-,-,-,-,MissingEntry,MissingEntry,MissingEntry,MissingEntry,"Trouble Counter, Waterga, Ink, Water-gun, Freeze, Esuna",MissingEntry,MissingEntry,MissingEntry,MissingEntry,MissingEntry

Lich (Final Fantasy IX),71,"58,554","9,999",25,10,7,25,26,9,90,45,49,0,"8,436",Weak (150%),Normal (100%),Normal (100%),Normal (100%),Weak (150%),Absorbs (-100%),Weak (150%),Halves (50%),MissingEntry,Immune,Immune,Immune,Immune,Immune,Immune,Immune,MissingEntry,Immune,Immune,Immune,Immune,Immune,Immune,Immune,-,-,Immune,-,-,Immune,Immune,Immune,Immune,Immune,-,Immune,MissingEntry,MissingEntry,MissingEntry,MissingEntry,"Death Cutter, Earthquake, Earth Shake, Stop, Venom Powder, LV5 Death, Doom, Death",MissingEntry,MissingEntry,MissingEntry,MissingEntry,MissingEntry

Lich (Final Fantasy IX),68,"22,218","3,091",24,10,7,24,26,9,87,43,48,0,"2,828",Weak (150%),Normal (100%),Normal (100%),Normal (100%),Weak (150%),Absorbs (-100%),Weak (150%),Halves (50%),MissingEntry,-,-,Immune,-,-,-,-,MissingEntry,Immune,-,-,Immune,-,Immune,-,-,-,Immune,-,-,-,-,Immune,-,-,-,-,MissingEntry,MissingEntry,MissingEntry,MissingEntry,"Death Cutter, Earthquake, Earth Shake, Stop, Venom Powder, LV5 Death, Doom, Death",MissingEntry,MissingEntry,MissingEntry,MissingEntry,MissingEntry

Hades (Final Fantasy IX),92,"55,535","9,999",30,27,9,30,10,11,115,55,50,"65,535","9,638",Normal (100%),Normal (100%),Normal (100%),Normal (100%),Normal (100%),Immune (0%),Weak (150%),Absorbs (-100%),MissingEntry,Immune,Immune,Immune,Immune,Immune,Immune,Immune,MissingEntry,Immune,Immune,Immune,Immune,Immune,Immune,Immune,-,-,Immune,-,-,Immune,Immune,Immune,Immune,Immune,-,Immune,MissingEntry,MissingEntry,MissingEntry,MissingEntry,"Judgment Sword, Freeze, Cleave, Doomsday, Reflect, Curse, Mustard Bomb, Powering Sword",MissingEntry,MissingEntry,MissingEntry,MissingEntry,MissingEntry

Deathguise,74,"55,535","9,999",25,10,7,25,10,9,94,46,49,0,"8,916",Normal (100%),Weak (150%),Normal (100%),Normal (100%),Weak (150%),Immune (0%),Normal (100%),Normal (100%),MissingEntry,Immune,Immune,Immune,Immune,Immune,Immune,Immune,MissingEntry,Immune,Immune,Immune,Immune,Immune,-,Immune,-,-,Immune,-,-,Immune,Immune,Immune,Immune,Immune,-,Immune,MissingEntry,MissingEntry,MissingEntry,MissingEntry,"Demonâ€™s Claw, Meteor, Death, Spin, Close, Open, LV5 Death, Twister",MissingEntry,MissingEntry,MissingEntry,MissingEntry,MissingEntry

Trance Kuja,76,"55,535","9,999",26,10,8,26,27,9,96,47,50,0,0,Normal (100%),Normal (100%),Normal (100%),Normal (100%),Normal (100%),Normal (100%),Normal (100%),Normal (100%),MissingEntry,Immune,Immune,Immune,Immune,-,Immune,Immune,MissingEntry,Immune,Immune,Immune,Immune,Immune,Immune,Immune,-,-,Immune,-,-,Immune,Immune,Immune,Immune,Immune,-,Immune,MissingEntry,MissingEntry,MissingEntry,MissingEntry,"Flare Star, Flare, Holy, Curaga, Ultima, Reflect",MissingEntry,MissingEntry,MissingEntry,MissingEntry,MissingEntry

Necron (boss),69,"54,100","9,999",24,28,7,24,31,9,88,44,23,0,0,Normal (100%),Normal (100%),Normal (100%),Normal (100%),Weak (150%),Immune (0%),Weak (150%),Normal (100%),MissingEntry,Immune,Immune,Immune,Immune,Immune,Immune,Immune,MissingEntry,Immune,Immune,Immune,Immune,Immune,Immune,Immune,-,-,Immune,-,-,Immune,Immune,Immune,Immune,Immune,-,Immune,MissingEntry,MissingEntry,MissingEntry,MissingEntry,"Grand Cross, Blue Shockwave, Neutron Ring, Flare, Holy, Meteor, Firaga, Blizzaga, Thundaga, Curaga, Shell, Protect",MissingEntry,MissingEntry,MissingEntry,MissingEntry,MissingEntry